order_id,customer_id,product,category,quantity,unit_price,discount,payment_method,region,order_date,delivery_days,returned
1,1055,Monitor,Electronics,3,311,15,Card,West,4/2/2023,1,1
2,1094,Keyboard,Electronics,4,330,15,Transfer,North,8/11/2023,7,0
3,1085,Monitor,Electronics,3,79,10,Transfer,North,11/24/2023,4,1
4,1044,Phone,Accessories,1,557,0,Card,East,10/2/2023,2,0
5,1008,Keyboard,Accessories,4,844,15,Cash,West,10/4/2023,10,0
6,1096,Monitor,Accessories,5,1096,10,Card,West,4/16/2024,7,0
7,1089,Keyboard,Accessories,3,1271,10,Cash,West,6/23/2024,10,1
8,1047,Mouse,Electronics,1,118,5,Card,North,3/1/2023,10,0
9,1064,Monitor,Electronics,4,302,10,Cash,East,1/4/2024,4,0
10,1053,Tablet,Electronics,5,1331,15,Card,East,11/29/2023,2,0
11,1074,Tablet,Accessories,5,1182,15,Cash,North,2/15/2023,4,1
12,1027,Monitor,Electronics,5,347,5,Card,South,7/11/2024,5,1
13,1066,Phone,Electronics,5,308,5,Transfer,North,5/14/2024,6,0
14,1028,Keyboard,Electronics,3,953,5,Card,East,3/6/2024,3,0
15,1030,Phone,Accessories,3,1485,15,Transfer,South,5/31/2024,4,1
16,1013,Monitor,Electronics,3,1252,15,Card,East,3/9/2024,5,0
17,1048,Phone,Electronics,1,182,10,Cash,South,2/17/2023,2,0
18,1008,Phone,Accessories,5,860,0,Card,South,6/20/2023,4,1
19,1065,Keyboard,Electronics,2,1021,0,Card,East,2/17/2023,2,0
20,1069,Keyboard,Electronics,2,1111,0,Transfer,South,8/27/2023,6,1
21,1009,Keyboard,Accessories,2,189,15,Cash,North,3/18/2023,3,0
22,1090,Mouse,Electronics,2,451,15,Card,South,5/1/2023,7,1
23,1024,Monitor,Accessories,5,294,15,Card,East,8/31/2023,8,1
24,1013,Laptop,Electronics,1,1266,15,Cash,West,3/21/2023,3,0
25,1054,Keyboard,Accessories,4,718,5,Cash,West,2/7/2024,10,1
26,1091,Keyboard,Electronics,3,130,0,Card,North,2/28/2024,5,0
27,1071,Monitor,Accessories,5,1488,5,Cash,North,7/24/2023,3,0
28,1007,Phone,Accessories,1,228,5,Card,East,7/6/2023,6,0
29,1040,Mouse,Accessories,2,1362,5,Card,East,8/6/2023,1,1
30,1096,Keyboard,Electronics,5,84,0,Transfer,North,10/3/2023,9,0
31,1045,Tablet,Electronics,1,312,15,Card,East,4/8/2023,9,1
32,1095,Mouse,Accessories,2,1291,0,Cash,West,5/4/2024,10,1
33,1025,Phone,Electronics,5,548,15,Card,East,7/16/2024,3,0
34,1082,Mouse,Accessories,5,932,5,Card,North,8/20/2024,3,0
35,1012,Monitor,Electronics,4,279,0,Cash,East,2/19/2024,9,1
36,1065,Phone,Accessories,2,272,0,Card,South,3/9/2024,6,0
37,1019,Phone,Electronics,3,1056,0,Card,West,12/12/2023,2,0
38,1021,Monitor,Electronics,4,258,15,Transfer,North,7/3/2023,6,0
39,1022,Laptop,Electronics,2,1191,15,Card,North,3/2/2024,10,1
40,1093,Mouse,Electronics,3,119,5,Card,South,2/18/2024,10,1
41,1056,Mouse,Accessories,2,559,5,Transfer,East,1/13/2023,4,0
42,1047,Tablet,Electronics,2,1195,10,Transfer,West,1/17/2024,10,1
43,1077,Laptop,Electronics,3,1352,5,Transfer,East,3/19/2024,3,0
44,1048,Monitor,Accessories,4,50,5,Card,West,8/26/2023,8,0
45,1058,Laptop,Electronics,4,827,10,Cash,North,9/29/2023,5,1
46,1037,Phone,Electronics,1,564,15,Transfer,East,1/22/2024,5,0
47,1011,Phone,Electronics,4,794,0,Cash,South,3/28/2023,9,1
48,1048,Monitor,Accessories,4,530,0,Cash,East,1/12/2023,2,1
49,1017,Tablet,Accessories,3,922,0,Card,East,5/17/2023,1,0
50,1056,Monitor,Accessories,2,327,10,Cash,East,8/1/2024,7,0
51,1084,Monitor,Accessories,5,555,5,Card,West,9/29/2023,1,0
52,1070,Keyboard,Accessories,3,1411,5,Transfer,West,3/17/2024,8,0
53,1065,Tablet,Electronics,3,593,15,Transfer,North,7/18/2023,2,1
54,1076,Monitor,Electronics,1,330,10,Transfer,West,4/12/2023,5,0
55,1083,Phone,Electronics,1,375,5,Cash,East,8/9/2023,7,0
56,1089,Keyboard,Accessories,1,740,0,Card,North,12/13/2023,5,0
57,1095,Phone,Electronics,2,55,15,Card,East,7/29/2023,6,0
58,1015,Mouse,Electronics,5,418,5,Transfer,South,7/12/2023,6,1
59,1092,Keyboard,Electronics,4,1275,0,Card,West,7/12/2024,6,1
60,1088,Keyboard,Electronics,2,669,5,Transfer,West,5/26/2024,3,1
61,1086,Tablet,Accessories,5,1033,10,Cash,East,1/24/2024,1,1
62,1098,Laptop,Electronics,1,246,15,Card,South,7/11/2023,8,0
63,1086,Keyboard,Electronics,5,1209,0,Cash,West,7/23/2024,6,0
64,1081,Mouse,Accessories,4,1102,0,Cash,West,7/28/2024,1,0
65,1058,Mouse,Electronics,2,273,5,Card,South,3/8/2023,2,0
66,1017,Laptop,Electronics,1,184,15,Card,North,8/27/2023,3,0
67,1016,Monitor,Accessories,4,1248,5,Cash,West,10/7/2023,4,1
68,1073,Keyboard,Electronics,2,1194,5,Transfer,North,12/23/2023,6,1
69,1048,Laptop,Accessories,1,182,15,Cash,East,11/1/2023,10,0
70,1066,Laptop,Accessories,3,1303,15,Cash,East,8/18/2023,10,1
71,1061,Mouse,Electronics,1,752,10,Cash,South,8/19/2023,9,1
72,1059,Monitor,Electronics,1,1129,5,Cash,West,10/21/2023,4,1
73,1041,Phone,Accessories,3,787,10,Transfer,East,6/17/2023,7,1
74,1023,Monitor,Accessories,5,482,0,Transfer,West,1/11/2023,4,0
75,1080,Mouse,Electronics,2,590,5,Cash,East,11/18/2023,5,0
76,1099,Monitor,Accessories,2,191,15,Card,North,3/20/2024,7,0
77,1089,Mouse,Electronics,5,544,5,Transfer,West,3/26/2024,9,1
78,1064,Tablet,Accessories,4,1168,5,Transfer,North,7/26/2024,4,0
79,1026,Laptop,Electronics,5,205,5,Cash,West,9/13/2023,10,1
80,1036,Laptop,Accessories,5,85,0,Transfer,East,5/1/2024,2,1
81,1055,Monitor,Electronics,3,858,5,Cash,East,8/1/2023,6,0
82,1008,Phone,Electronics,5,831,10,Transfer,North,6/1/2024,6,0
83,1059,Keyboard,Accessories,2,96,15,Transfer,West,9/16/2023,8,1
84,1095,Monitor,Accessories,1,345,0,Cash,East,4/17/2024,2,0
85,1069,Monitor,Accessories,1,885,5,Cash,East,4/17/2024,4,1
86,1033,Phone,Electronics,5,439,10,Cash,South,12/1/2023,5,1
87,1000,Laptop,Accessories,4,187,10,Cash,North,9/23/2023,8,1
88,1016,Phone,Accessories,4,1181,10,Card,East,3/2/2024,10,1
89,1023,Phone,Electronics,5,1298,15,Cash,West,8/14/2024,8,0
90,1011,Monitor,Accessories,1,807,15,Card,East,2/5/2023,10,0
91,1000,Phone,Electronics,2,58,10,Transfer,West,7/3/2023,10,0
92,1081,Mouse,Electronics,5,1455,15,Cash,North,6/11/2024,8,1
93,1040,Mouse,Electronics,2,279,10,Card,South,10/21/2023,8,0
94,1056,Tablet,Electronics,3,203,5,Cash,South,7/31/2023,7,0
95,1018,Phone,Electronics,5,1156,10,Cash,North,7/20/2023,2,1
96,1091,Mouse,Electronics,1,361,0,Card,North,7/30/2023,4,0
97,1062,Tablet,Accessories,4,1110,0,Card,West,6/18/2024,10,1
98,1055,Tablet,Electronics,1,297,5,Card,East,1/30/2023,2,0
99,1066,Phone,Electronics,2,364,5,Transfer,South,12/9/2023,9,0
100,1002,Keyboard,Electronics,2,976,15,Transfer,North,5/2/2023,10,1
101,1057,Keyboard,Accessories,1,448,10,Transfer,North,1/7/2024,2,1
102,1088,Keyboard,Accessories,3,176,0,Transfer,East,12/13/2023,2,0
103,1040,Mouse,Electronics,3,1092,5,Card,North,12/14/2023,2,0
104,1062,Monitor,Accessories,1,906,15,Cash,North,12/26/2023,4,0
105,1053,Tablet,Electronics,3,573,5,Transfer,North,7/5/2024,8,0
106,1032,Monitor,Accessories,5,711,15,Card,South,11/6/2023,7,0
107,1044,Mouse,Electronics,5,413,5,Cash,South,10/7/2023,5,0
108,1003,Monitor,Electronics,4,1164,5,Cash,South,3/16/2023,9,1
109,1011,Phone,Electronics,4,584,10,Card,East,6/19/2024,10,1
110,1024,Mouse,Electronics,4,894,0,Cash,East,5/19/2023,9,0
111,1037,Monitor,Electronics,4,282,15,Transfer,West,2/16/2024,2,0
112,1083,Tablet,Electronics,4,133,5,Cash,North,4/29/2023,7,0
113,1026,Phone,Electronics,1,939,5,Card,West,12/23/2023,4,1
114,1005,Laptop,Electronics,2,650,5,Cash,West,7/8/2023,4,0
115,1097,Laptop,Accessories,1,1000,15,Card,West,2/24/2023,1,1
116,1023,Laptop,Accessories,5,347,5,Card,East,4/7/2024,7,0
117,1071,Keyboard,Accessories,4,1458,0,Transfer,South,6/18/2024,1,0
118,1063,Mouse,Accessories,2,822,15,Transfer,North,6/8/2024,4,0
119,1007,Monitor,Electronics,1,1038,5,Card,North,10/15/2023,1,1
120,1010,Tablet,Electronics,3,1128,15,Transfer,South,12/26/2023,1,0
121,1021,Mouse,Accessories,4,910,10,Cash,West,11/12/2023,5,0
122,1097,Monitor,Electronics,5,1091,15,Cash,South,1/23/2023,1,0
123,1064,Laptop,Electronics,3,698,10,Cash,North,10/17/2023,10,0
124,1090,Monitor,Electronics,3,84,5,Cash,West,8/19/2024,10,0
125,1097,Keyboard,Electronics,2,325,15,Transfer,South,1/25/2024,10,0
126,1019,Keyboard,Accessories,5,1051,0,Cash,North,7/20/2024,2,1
127,1041,Mouse,Accessories,2,1273,10,Cash,South,4/8/2023,8,1
128,1088,Mouse,Electronics,3,730,5,Transfer,East,5/13/2023,8,1
129,1063,Keyboard,Electronics,3,888,0,Cash,North,7/2/2024,7,1
130,1086,Laptop,Electronics,4,1375,0,Cash,North,5/8/2024,7,0
131,1061,Phone,Electronics,5,464,15,Cash,North,7/15/2023,1,0
132,1073,Monitor,Electronics,2,364,5,Cash,South,7/26/2023,7,0
133,1063,Laptop,Electronics,3,740,0,Cash,East,9/16/2023,3,1
134,1099,Keyboard,Electronics,3,1260,10,Card,North,7/31/2023,7,1
135,1084,Tablet,Accessories,3,638,5,Card,West,8/7/2023,2,1
136,1063,Monitor,Accessories,5,601,10,Card,West,12/4/2023,4,1
137,1086,Monitor,Electronics,1,163,0,Cash,North,7/23/2024,2,0
138,1051,Phone,Accessories,2,1464,15,Card,West,1/26/2023,10,0
139,1062,Keyboard,Electronics,5,555,15,Cash,East,8/27/2023,8,1
140,1089,Laptop,Electronics,3,1193,10,Transfer,North,4/21/2024,8,1
141,1024,Mouse,Accessories,2,1083,15,Transfer,North,6/17/2023,5,0
142,1087,Keyboard,Electronics,2,1491,10,Transfer,West,6/29/2023,2,1
143,1058,Laptop,Accessories,5,643,0,Card,West,1/15/2023,7,1
144,1047,Keyboard,Electronics,3,905,0,Card,South,11/20/2023,6,1
145,1065,Laptop,Electronics,3,1461,0,Card,South,7/16/2024,4,0
146,1074,Monitor,Electronics,5,424,10,Transfer,North,11/28/2023,10,1
147,1094,Laptop,Electronics,4,102,0,Card,South,12/9/2023,5,0
148,1063,Monitor,Accessories,2,735,15,Card,South,1/31/2023,10,0
149,1072,Keyboard,Electronics,5,624,10,Cash,North,4/15/2024,3,0
150,1011,Phone,Electronics,4,1072,10,Cash,South,8/3/2023,7,0
151,1044,Monitor,Electronics,3,150,15,Cash,South,1/11/2023,4,1
152,1063,Keyboard,Accessories,1,375,15,Cash,North,1/18/2024,8,0
153,1096,Laptop,Electronics,3,653,5,Transfer,West,2/19/2023,4,0
154,1094,Monitor,Electronics,5,517,15,Transfer,South,7/1/2024,5,1
155,1091,Mouse,Electronics,4,874,15,Card,North,10/27/2023,3,1
156,1013,Keyboard,Electronics,1,1221,5,Transfer,East,7/7/2024,9,0
157,1037,Monitor,Electronics,4,1249,15,Card,North,6/19/2024,1,0
158,1063,Laptop,Electronics,4,915,5,Card,West,12/29/2023,2,0
159,1040,Laptop,Accessories,5,685,10,Cash,West,4/13/2023,7,1
160,1044,Laptop,Accessories,2,893,10,Transfer,West,2/26/2024,6,1
161,1099,Tablet,Accessories,5,72,5,Card,North,5/16/2023,7,0
162,1076,Mouse,Electronics,3,1119,15,Transfer,East,10/2/2023,9,1
163,1046,Laptop,Accessories,5,918,5,Card,North,5/23/2024,5,0
164,1024,Monitor,Electronics,1,964,0,Cash,West,2/20/2024,4,1
165,1044,Laptop,Electronics,5,701,5,Transfer,South,1/10/2023,9,1
166,1055,Laptop,Accessories,1,134,5,Transfer,South,1/3/2024,8,0
167,1080,Laptop,Accessories,5,268,0,Cash,West,1/11/2024,8,0
168,1020,Monitor,Electronics,3,864,15,Card,South,12/3/2023,7,0
169,1069,Phone,Accessories,2,1045,15,Card,West,8/6/2024,6,1
170,1066,Keyboard,Accessories,2,984,10,Cash,East,1/9/2023,8,0
171,1100,Phone,Accessories,1,407,10,Card,North,10/23/2023,1,0
172,1083,Mouse,Accessories,1,313,0,Card,North,5/26/2023,8,1
173,1003,Monitor,Electronics,1,1484,0,Card,North,5/7/2023,3,0
174,1002,Tablet,Accessories,5,1187,0,Transfer,East,10/1/2023,4,0
175,1092,Keyboard,Accessories,2,315,15,Transfer,North,6/6/2023,2,1
176,1091,Laptop,Electronics,5,862,5,Transfer,West,6/30/2024,3,1
177,1029,Laptop,Electronics,5,266,0,Cash,North,9/25/2023,8,0
178,1055,Laptop,Accessories,1,206,15,Card,East,4/18/2024,4,1
179,1001,Mouse,Accessories,5,906,10,Card,West,6/13/2024,10,1
180,1031,Phone,Electronics,5,261,10,Card,East,7/13/2024,3,0
181,1043,Mouse,Accessories,5,378,0,Card,North,1/20/2024,7,0
182,1094,Monitor,Electronics,3,159,5,Card,South,1/18/2024,8,0
183,1045,Tablet,Electronics,1,1323,5,Card,West,2/25/2024,5,0
184,1019,Phone,Accessories,5,215,15,Transfer,East,4/10/2023,3,1
185,1030,Phone,Electronics,4,1182,0,Card,South,8/3/2023,1,0
186,1009,Phone,Electronics,4,1381,0,Cash,West,8/20/2023,3,1
187,1004,Monitor,Accessories,4,753,10,Transfer,North,7/26/2024,3,0
188,1042,Laptop,Electronics,3,952,0,Cash,East,7/16/2024,8,1
189,1083,Laptop,Electronics,1,1398,10,Transfer,North,8/1/2024,8,1
190,1078,Phone,Accessories,1,82,5,Card,South,11/15/2023,9,0
191,1017,Phone,Electronics,5,1414,0,Cash,South,5/29/2023,1,1
192,1096,Laptop,Electronics,1,1050,5,Card,West,4/30/2023,4,0
193,1092,Monitor,Accessories,5,511,15,Card,South,5/5/2023,9,0
194,1004,Phone,Electronics,5,260,5,Transfer,East,2/14/2024,2,0
195,1069,Tablet,Electronics,4,997,5,Transfer,East,8/25/2023,9,1
196,1082,Tablet,Accessories,3,1480,5,Card,East,6/28/2024,10,1
197,1060,Keyboard,Electronics,4,1332,10,Transfer,West,7/7/2024,9,0
198,1001,Monitor,Electronics,1,969,5,Card,West,1/13/2024,2,0
199,1058,Phone,Electronics,2,115,5,Transfer,South,7/22/2024,1,1
200,1039,Keyboard,Electronics,2,1021,5,Transfer,East,7/18/2024,2,0
201,1054,Phone,Electronics,1,1049,0,Cash,South,7/11/2024,9,1
202,1090,Phone,Electronics,5,207,10,Cash,West,1/17/2023,5,1
203,1081,Tablet,Accessories,2,1061,10,Transfer,North,3/6/2023,5,0
204,1018,Phone,Accessories,5,924,10,Cash,South,1/3/2024,7,1
205,1037,Phone,Electronics,3,595,10,Card,West,8/24/2023,4,0
206,1092,Laptop,Electronics,2,320,15,Transfer,West,5/19/2023,10,0
207,1009,Keyboard,Accessories,2,455,15,Cash,West,3/9/2024,10,0
208,1036,Phone,Accessories,5,498,10,Card,South,8/25/2023,6,1
209,1057,Keyboard,Accessories,5,594,10,Card,East,1/25/2023,8,0
210,1017,Laptop,Electronics,1,1097,15,Transfer,North,7/16/2024,6,1
211,1097,Phone,Electronics,3,314,0,Transfer,East,3/10/2023,3,0
212,1088,Keyboard,Accessories,5,1041,5,Transfer,South,5/30/2023,9,0
213,1083,Phone,Accessories,4,1154,15,Cash,South,4/4/2024,7,1
214,1027,Mouse,Accessories,4,1091,15,Transfer,West,4/23/2024,9,1
215,1036,Mouse,Electronics,5,639,15,Cash,West,1/15/2024,8,1
216,1004,Mouse,Accessories,1,524,0,Transfer,West,1/9/2023,9,1
217,1047,Mouse,Electronics,5,994,15,Transfer,East,3/10/2024,8,0
218,1009,Mouse,Accessories,4,470,10,Transfer,South,8/7/2023,6,1
219,1068,Phone,Electronics,1,1172,5,Cash,North,5/16/2024,3,1
220,1000,Tablet,Accessories,5,92,10,Cash,South,6/23/2024,7,0
221,1004,Mouse,Accessories,3,1177,10,Cash,West,3/3/2024,4,1
222,1076,Tablet,Accessories,5,685,15,Cash,East,10/17/2023,3,1
223,1027,Mouse,Accessories,3,1130,0,Cash,East,5/14/2023,6,0
224,1088,Tablet,Accessories,1,840,10,Card,East,6/2/2024,9,0
225,1043,Phone,Electronics,5,221,15,Card,North,8/2/2023,7,1
226,1003,Keyboard,Electronics,4,905,0,Cash,East,7/6/2024,4,1
227,1028,Monitor,Accessories,2,408,0,Card,South,8/26/2023,3,0
228,1020,Monitor,Accessories,1,70,10,Transfer,East,4/22/2023,5,0
229,1074,Mouse,Accessories,3,631,0,Transfer,East,3/17/2023,7,0
230,1095,Monitor,Accessories,2,139,0,Card,East,2/16/2024,6,0
231,1046,Keyboard,Electronics,3,185,0,Cash,North,11/11/2023,10,0
232,1022,Laptop,Electronics,1,216,5,Transfer,East,11/20/2023,10,0
233,1075,Monitor,Accessories,2,686,15,Transfer,West,4/10/2024,7,1
234,1031,Phone,Accessories,3,320,0,Transfer,West,5/27/2023,5,0
235,1071,Keyboard,Electronics,2,383,5,Card,North,5/3/2024,5,1
236,1032,Keyboard,Accessories,4,1259,0,Card,East,5/23/2024,3,1
237,1014,Laptop,Electronics,3,59,0,Transfer,East,10/19/2023,10,0
238,1062,Tablet,Electronics,4,233,0,Transfer,North,6/11/2023,10,0
239,1007,Monitor,Electronics,1,1052,15,Transfer,East,3/1/2023,7,0
240,1090,Mouse,Accessories,3,677,10,Cash,North,4/10/2024,6,0
241,1058,Mouse,Accessories,1,936,15,Transfer,East,12/11/2023,8,0
242,1053,Tablet,Electronics,3,319,10,Card,East,10/11/2023,6,0
243,1006,Monitor,Accessories,5,501,15,Transfer,West,3/23/2023,9,0
244,1039,Phone,Electronics,1,1242,10,Card,South,7/2/2024,3,1
245,1057,Phone,Electronics,4,1272,10,Cash,South,9/12/2023,8,1
246,1094,Tablet,Accessories,3,1285,10,Transfer,North,1/4/2023,1,0
247,1073,Laptop,Electronics,5,346,15,Cash,South,3/21/2023,9,1
248,1020,Tablet,Accessories,5,197,5,Card,North,7/9/2023,4,1
249,1080,Tablet,Electronics,1,686,10,Transfer,South,5/24/2023,10,1
250,1026,Tablet,Accessories,5,393,0,Transfer,South,3/14/2023,8,1
251,1020,Keyboard,Accessories,4,691,10,Transfer,East,4/22/2024,4,0
252,1071,Monitor,Electronics,4,735,10,Cash,South,8/12/2024,7,1
253,1018,Monitor,Electronics,4,930,15,Card,West,1/18/2023,6,0
254,1041,Monitor,Accessories,1,476,15,Cash,North,10/19/2023,3,1
255,1079,Monitor,Electronics,3,64,5,Transfer,West,3/16/2023,3,0
256,1030,Keyboard,Electronics,1,1324,5,Card,East,3/31/2023,5,1
257,1034,Tablet,Electronics,4,1382,5,Card,West,5/16/2024,8,1
258,1054,Phone,Accessories,5,662,10,Cash,North,2/28/2023,10,0
259,1035,Mouse,Accessories,4,1336,10,Transfer,West,7/2/2024,2,0
260,1007,Tablet,Electronics,4,580,5,Card,West,9/16/2023,2,0
261,1054,Monitor,Electronics,4,961,0,Cash,East,8/5/2023,6,0
262,1052,Monitor,Electronics,5,1430,10,Cash,East,6/7/2023,6,0
263,1025,Laptop,Electronics,5,307,0,Cash,West,5/23/2023,1,1
264,1062,Phone,Accessories,2,1023,15,Cash,North,2/23/2023,9,0
265,1036,Monitor,Electronics,2,62,5,Transfer,South,11/12/2023,1,0
266,1078,Monitor,Accessories,3,779,15,Transfer,North,2/18/2024,4,1
267,1051,Tablet,Electronics,5,626,15,Card,South,2/17/2024,6,0
268,1097,Monitor,Electronics,1,1346,0,Card,West,2/28/2024,10,0
269,1026,Mouse,Electronics,4,513,0,Transfer,West,4/6/2024,4,1
270,1067,Laptop,Accessories,1,248,15,Cash,South,9/19/2023,2,0
271,1003,Monitor,Accessories,3,894,10,Cash,East,10/22/2023,4,1
272,1070,Laptop,Electronics,3,874,0,Cash,West,9/3/2023,9,0
273,1071,Tablet,Accessories,2,788,5,Transfer,North,3/4/2024,6,0
274,1033,Mouse,Accessories,5,734,0,Card,East,8/10/2023,1,0
275,1033,Mouse,Electronics,1,678,15,Cash,North,2/3/2024,9,1
276,1058,Mouse,Accessories,2,327,10,Card,South,12/7/2023,10,1
277,1097,Mouse,Accessories,4,1392,10,Cash,West,7/5/2023,3,0
278,1051,Monitor,Electronics,1,447,15,Cash,South,5/16/2023,9,1
279,1007,Mouse,Accessories,2,358,10,Transfer,North,10/22/2023,8,0
280,1069,Keyboard,Electronics,3,1063,0,Card,West,10/28/2023,9,1
281,1073,Mouse,Electronics,2,281,15,Card,East,6/1/2024,3,1
282,1094,Keyboard,Accessories,2,385,0,Cash,North,9/4/2023,5,1
283,1032,Mouse,Electronics,2,93,15,Card,East,5/1/2023,9,0
284,1009,Phone,Accessories,3,253,0,Cash,East,8/7/2023,9,0
285,1064,Laptop,Electronics,2,724,15,Card,South,8/15/2023,5,1
286,1052,Tablet,Accessories,5,299,5,Card,South,1/16/2024,6,1
287,1001,Mouse,Electronics,1,1259,0,Transfer,South,2/27/2024,4,0
288,1012,Mouse,Accessories,4,759,10,Card,East,7/10/2023,8,0
289,1075,Tablet,Accessories,5,139,0,Transfer,North,5/7/2024,6,0
290,1062,Monitor,Electronics,1,1465,10,Card,West,4/19/2024,9,1
291,1074,Mouse,Accessories,2,824,0,Cash,West,7/12/2023,4,0
292,1022,Tablet,Electronics,4,470,10,Card,North,1/18/2023,9,0
293,1020,Monitor,Electronics,2,480,5,Card,East,8/7/2024,10,0
294,1089,Tablet,Accessories,2,1025,10,Cash,East,5/12/2023,8,1
295,1004,Phone,Electronics,3,355,5,Transfer,West,7/23/2023,2,1
296,1095,Mouse,Accessories,4,79,5,Card,South,11/28/2023,1,0
297,1003,Tablet,Accessories,4,977,10,Card,West,3/25/2023,5,1
298,1022,Keyboard,Electronics,4,578,15,Transfer,South,8/20/2024,9,0
299,1015,Phone,Accessories,2,110,15,Cash,North,1/13/2023,10,1
300,1062,Tablet,Accessories,1,1192,15,Card,West,8/23/2024,4,0
301,1025,Mouse,Accessories,5,558,15,Cash,North,5/17/2024,6,0
302,1055,Phone,Accessories,5,975,0,Cash,East,9/20/2023,10,1
303,1065,Laptop,Accessories,5,1494,5,Cash,South,2/7/2024,2,0
304,1070,Keyboard,Accessories,1,863,5,Card,South,3/4/2024,10,1
305,1053,Laptop,Electronics,1,906,15,Cash,East,4/23/2024,4,1
306,1100,Tablet,Electronics,4,791,0,Card,North,2/4/2024,5,1
307,1012,Laptop,Electronics,3,243,5,Cash,East,5/1/2024,2,0
308,1054,Keyboard,Accessories,1,863,10,Cash,South,3/28/2024,9,0
309,1019,Monitor,Accessories,5,1496,10,Cash,South,3/4/2024,6,0
310,1038,Laptop,Accessories,3,1074,15,Cash,West,1/28/2023,4,1
311,1088,Laptop,Accessories,3,1173,15,Cash,North,7/31/2023,9,1
312,1098,Laptop,Electronics,5,338,0,Cash,North,6/12/2024,6,0
313,1038,Tablet,Electronics,1,1476,10,Card,East,12/6/2023,4,0
314,1057,Phone,Electronics,2,1444,5,Card,West,2/17/2024,6,0
315,1001,Mouse,Accessories,1,1148,10,Transfer,North,11/10/2023,7,0
316,1022,Phone,Electronics,5,842,0,Cash,North,1/2/2024,1,0
317,1036,Tablet,Electronics,3,1069,10,Card,West,2/1/2023,7,0
318,1013,Laptop,Accessories,4,1323,10,Cash,North,1/12/2023,10,1
319,1074,Tablet,Accessories,3,672,5,Transfer,North,1/14/2023,8,1
320,1094,Tablet,Electronics,4,280,5,Transfer,North,7/17/2023,5,1
321,1033,Monitor,Accessories,4,1064,5,Transfer,East,4/2/2024,1,1
322,1053,Phone,Electronics,3,1486,15,Transfer,East,8/10/2024,2,1
323,1068,Phone,Electronics,2,166,0,Cash,West,3/2/2024,9,0
324,1054,Laptop,Electronics,1,1495,0,Cash,East,4/20/2023,7,0
325,1077,Phone,Electronics,2,763,0,Transfer,North,8/11/2024,5,1
326,1049,Monitor,Electronics,1,1096,10,Card,North,10/20/2023,6,0
327,1087,Laptop,Electronics,3,263,10,Cash,East,3/27/2023,7,1
328,1058,Phone,Electronics,1,1161,15,Transfer,North,6/30/2023,6,0
329,1078,Keyboard,Accessories,3,1464,15,Cash,East,1/28/2024,7,0
330,1099,Mouse,Electronics,5,974,5,Cash,South,1/5/2024,3,0
331,1091,Mouse,Electronics,3,679,5,Transfer,South,4/16/2024,3,0
332,1052,Keyboard,Accessories,2,416,15,Transfer,East,4/18/2023,1,1
333,1082,Monitor,Electronics,1,150,10,Card,South,4/25/2024,3,0
334,1036,Tablet,Electronics,1,1479,0,Transfer,East,1/22/2024,10,0
335,1085,Laptop,Accessories,2,712,15,Transfer,South,4/16/2023,6,1
336,1016,Laptop,Accessories,5,177,10,Transfer,North,1/19/2024,7,0
337,1025,Tablet,Electronics,1,149,5,Cash,North,12/18/2023,3,1
338,1070,Mouse,Electronics,3,254,0,Card,North,9/21/2023,1,0
339,1043,Monitor,Accessories,2,145,0,Transfer,West,1/8/2024,9,0
340,1052,Keyboard,Electronics,5,416,10,Transfer,North,10/28/2023,2,1
341,1043,Monitor,Electronics,3,1093,15,Transfer,East,7/7/2023,8,1
342,1098,Monitor,Accessories,3,472,5,Card,West,4/22/2024,8,1
343,1078,Tablet,Accessories,5,351,10,Cash,East,6/19/2023,4,0
344,1011,Monitor,Electronics,2,150,0,Card,West,12/28/2023,3,0
345,1079,Keyboard,Electronics,4,332,10,Transfer,North,2/6/2024,3,0
346,1043,Mouse,Accessories,4,607,5,Transfer,West,4/11/2024,9,1
347,1092,Laptop,Electronics,5,971,15,Card,East,3/19/2024,10,1
348,1034,Monitor,Accessories,3,199,0,Card,South,4/20/2023,6,1
349,1055,Laptop,Electronics,2,341,5,Transfer,South,1/6/2024,2,1
350,1040,Keyboard,Electronics,3,692,0,Card,South,7/17/2024,9,0
351,1030,Phone,Electronics,3,468,15,Transfer,East,5/5/2023,9,0
352,1028,Keyboard,Accessories,1,972,5,Card,North,4/23/2023,7,0
353,1043,Phone,Electronics,4,1392,15,Transfer,North,12/30/2023,1,0
354,1076,Laptop,Electronics,3,1392,5,Cash,West,1/24/2024,9,0
355,1023,Phone,Electronics,3,1455,10,Transfer,East,4/1/2024,5,1
356,1086,Mouse,Accessories,2,501,0,Cash,East,2/17/2024,3,0
357,1049,Laptop,Accessories,4,334,5,Transfer,North,11/6/2023,1,0
358,1047,Phone,Accessories,5,255,0,Card,East,10/11/2023,1,1
359,1001,Keyboard,Accessories,4,751,0,Cash,North,8/25/2023,8,1
360,1005,Mouse,Accessories,5,1067,5,Card,South,3/27/2024,4,1
361,1028,Phone,Accessories,5,391,5,Card,West,2/20/2024,6,1
362,1031,Phone,Electronics,1,640,5,Card,West,4/19/2024,2,1
363,1039,Phone,Accessories,1,1456,10,Transfer,West,7/24/2024,8,0
364,1066,Phone,Electronics,4,939,5,Cash,North,6/23/2024,8,0
365,1090,Keyboard,Electronics,1,841,0,Cash,South,5/18/2024,9,0
366,1026,Mouse,Accessories,3,1299,0,Transfer,West,1/30/2023,3,0
367,1010,Keyboard,Accessories,2,1191,10,Cash,West,8/22/2023,5,0
368,1058,Tablet,Accessories,5,1223,5,Cash,West,1/28/2023,1,1
369,1084,Laptop,Accessories,1,1160,5,Cash,North,11/14/2023,2,0
370,1040,Keyboard,Accessories,3,859,15,Transfer,South,6/11/2024,4,0
371,1065,Laptop,Electronics,1,1337,5,Cash,North,12/10/2023,10,1
372,1065,Phone,Electronics,3,740,10,Card,South,8/23/2024,6,0
373,1014,Keyboard,Accessories,5,873,10,Transfer,West,4/16/2023,5,0
374,1003,Laptop,Electronics,5,493,10,Cash,East,8/17/2023,8,1
375,1011,Mouse,Electronics,5,608,0,Transfer,North,6/17/2023,8,1
376,1030,Keyboard,Electronics,3,361,10,Cash,North,7/1/2024,5,1
377,1036,Laptop,Accessories,3,570,0,Transfer,South,7/31/2023,3,0
378,1048,Tablet,Accessories,1,1305,15,Card,South,12/29/2023,10,1
379,1040,Monitor,Accessories,5,1305,0,Card,North,4/5/2023,6,1
380,1055,Tablet,Accessories,3,1075,10,Card,East,7/12/2023,1,0
381,1083,Keyboard,Accessories,2,1413,10,Transfer,East,7/7/2024,8,0
382,1023,Keyboard,Accessories,5,69,10,Transfer,West,2/12/2023,7,0
383,1018,Mouse,Accessories,2,1028,5,Cash,South,2/10/2024,6,0
384,1084,Tablet,Accessories,1,1156,10,Card,East,5/29/2023,1,1
385,1094,Laptop,Electronics,2,1049,5,Card,North,4/23/2023,3,1
386,1067,Monitor,Accessories,2,132,10,Card,North,3/11/2024,9,1
387,1031,Laptop,Accessories,3,270,15,Cash,South,8/11/2023,4,1
388,1061,Mouse,Accessories,5,277,5,Transfer,East,1/22/2024,5,1
389,1017,Monitor,Accessories,2,338,5,Cash,West,1/19/2024,4,0
390,1010,Mouse,Electronics,3,171,15,Cash,East,4/4/2023,8,0
391,1090,Monitor,Electronics,3,821,5,Card,North,7/2/2023,4,0
392,1055,Phone,Electronics,4,745,5,Transfer,West,2/6/2024,1,1
393,1045,Monitor,Accessories,3,1351,0,Transfer,West,4/18/2024,5,1
394,1056,Monitor,Electronics,2,1452,5,Card,North,5/19/2023,2,1
395,1100,Monitor,Electronics,4,439,15,Card,South,8/10/2024,4,1
396,1086,Tablet,Electronics,1,1017,10,Transfer,North,5/2/2023,6,1
397,1029,Tablet,Electronics,3,1329,0,Cash,South,7/30/2024,1,0
398,1019,Mouse,Electronics,5,730,0,Card,North,8/2/2023,10,0
399,1089,Monitor,Electronics,5,840,15,Cash,North,2/27/2023,3,0
400,1079,Laptop,Electronics,2,1281,0,Card,West,7/15/2024,8,1
401,1047,Tablet,Electronics,5,1476,0,Transfer,North,8/2/2023,5,1
402,1046,Keyboard,Accessories,3,73,0,Cash,South,2/25/2024,9,0
403,1035,Phone,Electronics,4,1493,5,Transfer,North,10/5/2023,3,1
404,1093,Mouse,Electronics,4,1417,5,Card,West,4/7/2023,7,1
405,1068,Keyboard,Electronics,4,440,0,Card,East,6/9/2024,7,1
406,1091,Laptop,Electronics,1,151,15,Cash,South,12/15/2023,9,0
407,1069,Monitor,Accessories,2,1043,15,Card,West,2/26/2023,10,0
408,1012,Mouse,Electronics,1,409,15,Transfer,North,1/24/2024,1,0
409,1053,Monitor,Electronics,1,1077,5,Cash,West,11/9/2023,6,1
410,1020,Mouse,Accessories,5,1041,0,Card,South,8/21/2023,4,1
411,1015,Phone,Accessories,5,1068,5,Card,South,10/31/2023,2,1
412,1064,Mouse,Electronics,3,533,0,Transfer,East,1/22/2023,10,0
413,1029,Mouse,Electronics,5,85,0,Transfer,East,6/4/2023,8,0
414,1008,Tablet,Electronics,4,1067,15,Cash,West,11/22/2023,6,0
415,1021,Mouse,Electronics,1,103,0,Card,East,5/8/2024,8,1
416,1001,Monitor,Electronics,3,278,10,Transfer,South,8/14/2023,7,0
417,1054,Laptop,Accessories,1,1233,15,Cash,North,4/22/2023,2,0
418,1031,Laptop,Accessories,5,203,15,Cash,West,1/31/2024,2,1
419,1003,Laptop,Accessories,1,535,0,Transfer,West,4/6/2023,5,0
420,1041,Phone,Electronics,4,1481,0,Cash,North,11/18/2023,9,0
421,1064,Laptop,Electronics,3,731,5,Cash,East,4/13/2023,6,0
422,1010,Laptop,Electronics,4,650,5,Cash,East,5/2/2024,5,0
423,1034,Mouse,Accessories,1,50,5,Card,South,6/9/2024,3,0
424,1062,Tablet,Accessories,4,167,5,Cash,South,8/3/2024,4,0
425,1007,Phone,Electronics,2,344,15,Cash,East,7/5/2024,3,1
426,1053,Mouse,Electronics,3,997,5,Transfer,South,6/30/2024,2,1
427,1068,Monitor,Electronics,2,952,5,Transfer,East,1/23/2023,8,0
428,1016,Tablet,Electronics,3,881,10,Card,North,1/22/2023,6,1
429,1022,Mouse,Accessories,3,53,10,Transfer,West,7/20/2024,6,0
430,1068,Tablet,Accessories,4,694,15,Cash,South,2/6/2023,4,1
431,1006,Monitor,Electronics,1,556,10,Card,West,7/1/2024,3,1
432,1007,Keyboard,Electronics,3,982,15,Transfer,West,1/25/2023,7,0
433,1097,Laptop,Accessories,5,613,5,Transfer,North,5/23/2023,1,1
434,1018,Keyboard,Electronics,1,910,10,Transfer,North,6/1/2023,6,1
435,1003,Laptop,Electronics,4,382,10,Transfer,West,1/16/2024,10,1
436,1028,Keyboard,Electronics,2,678,15,Card,North,2/11/2024,4,0
437,1060,Phone,Accessories,3,787,15,Card,East,6/26/2023,4,1
438,1018,Laptop,Accessories,1,1056,0,Card,South,10/3/2023,1,1
439,1078,Laptop,Accessories,4,893,5,Cash,West,2/22/2023,9,0
440,1034,Keyboard,Electronics,5,764,10,Cash,South,12/31/2023,4,1
441,1004,Mouse,Electronics,3,222,15,Transfer,South,1/27/2024,2,1
442,1091,Tablet,Electronics,5,791,10,Transfer,North,5/18/2023,10,1
443,1030,Keyboard,Electronics,4,928,5,Cash,West,1/5/2024,9,1
444,1048,Monitor,Electronics,1,512,15,Cash,South,11/29/2023,8,0
445,1064,Keyboard,Accessories,2,1336,0,Card,South,8/23/2023,3,0
446,1028,Monitor,Accessories,2,251,10,Card,North,8/1/2023,9,1
447,1070,Mouse,Electronics,2,522,5,Transfer,South,1/5/2023,6,0
448,1003,Laptop,Electronics,5,702,15,Card,South,8/24/2023,7,0
449,1081,Tablet,Electronics,3,417,15,Cash,North,3/23/2023,4,0
450,1070,Tablet,Accessories,2,122,15,Cash,South,3/1/2024,2,1
451,1007,Keyboard,Electronics,3,1235,0,Card,West,7/3/2024,9,0
452,1052,Phone,Accessories,3,620,10,Cash,North,4/28/2024,8,0
453,1047,Tablet,Electronics,3,1053,15,Transfer,North,3/20/2024,7,0
454,1019,Phone,Accessories,1,1126,10,Transfer,North,8/13/2023,2,0
455,1092,Monitor,Electronics,2,847,5,Card,West,8/14/2024,5,0
456,1000,Phone,Accessories,1,576,5,Transfer,West,8/22/2023,4,1
457,1002,Phone,Electronics,2,786,0,Card,East,6/18/2024,4,1
458,1097,Tablet,Accessories,1,728,5,Transfer,South,6/13/2024,6,1
459,1079,Laptop,Electronics,3,1068,0,Cash,North,4/10/2024,5,1
460,1028,Laptop,Electronics,5,748,5,Card,North,9/6/2023,1,0
461,1030,Laptop,Accessories,2,1460,10,Transfer,South,2/16/2024,10,0
462,1022,Monitor,Accessories,2,542,5,Cash,East,5/30/2023,5,0
463,1040,Monitor,Electronics,4,860,0,Cash,North,6/19/2023,2,1
464,1080,Laptop,Accessories,2,791,10,Cash,North,2/13/2024,1,1
465,1093,Laptop,Electronics,2,1038,5,Transfer,East,2/2/2023,10,0
466,1016,Laptop,Electronics,4,380,10,Card,East,3/18/2024,2,0
467,1044,Monitor,Electronics,1,673,15,Card,South,6/13/2023,6,1
468,1098,Phone,Accessories,5,712,0,Card,West,6/27/2023,5,1
469,1100,Keyboard,Accessories,2,1101,15,Transfer,West,10/3/2023,2,1
470,1065,Laptop,Electronics,5,803,0,Cash,West,5/28/2023,6,0
471,1094,Keyboard,Electronics,3,150,5,Cash,North,7/31/2023,9,1
472,1062,Monitor,Electronics,5,898,15,Transfer,East,7/19/2023,5,1
473,1090,Mouse,Electronics,1,1135,15,Card,North,4/11/2024,9,1
474,1032,Monitor,Accessories,2,1473,5,Cash,North,11/29/2023,4,1
475,1033,Mouse,Accessories,1,1452,10,Cash,West,2/6/2023,8,0
476,1000,Phone,Electronics,3,294,10,Cash,West,2/28/2024,1,1
477,1010,Mouse,Electronics,4,670,5,Transfer,West,10/29/2023,10,0
478,1073,Monitor,Electronics,5,110,5,Transfer,West,3/27/2024,6,1
479,1100,Keyboard,Accessories,4,1407,10,Card,North,6/27/2023,9,0
480,1006,Tablet,Electronics,1,1065,10,Transfer,North,4/14/2024,6,0
481,1072,Phone,Accessories,5,221,0,Cash,North,12/27/2023,2,1
482,1057,Phone,Accessories,5,1439,0,Cash,North,8/24/2023,7,1
483,1060,Laptop,Electronics,4,1420,10,Transfer,South,6/27/2024,7,0
484,1092,Phone,Accessories,4,79,10,Cash,South,6/30/2023,7,1
485,1056,Phone,Accessories,3,432,0,Transfer,South,9/5/2023,2,1
486,1093,Phone,Accessories,5,166,15,Transfer,North,5/6/2024,2,1
487,1004,Monitor,Electronics,1,1418,0,Card,North,9/12/2023,7,0
488,1061,Phone,Electronics,1,708,10,Cash,South,12/31/2023,4,0
489,1053,Keyboard,Accessories,5,800,5,Cash,North,7/14/2024,4,1
490,1070,Keyboard,Electronics,3,424,10,Transfer,North,7/28/2023,10,1
491,1009,Laptop,Accessories,1,675,15,Card,North,3/11/2024,3,1
492,1046,Tablet,Accessories,2,939,5,Card,East,4/6/2023,7,1
493,1048,Keyboard,Electronics,5,845,10,Card,North,4/19/2024,7,1
494,1053,Monitor,Accessories,4,268,5,Cash,North,7/31/2024,1,0
495,1056,Phone,Accessories,4,1225,15,Card,West,7/26/2024,2,0
496,1092,Keyboard,Accessories,1,1203,10,Cash,West,7/10/2023,1,0
497,1089,Monitor,Accessories,3,1299,10,Cash,South,10/22/2023,3,1
498,1045,Mouse,Electronics,3,706,5,Transfer,South,5/15/2023,10,0
499,1063,Phone,Electronics,1,208,0,Cash,South,4/12/2023,3,0
500,1021,Keyboard,Accessories,3,954,0,Cash,South,8/22/2024,6,1
501,1014,Laptop,Accessories,5,420,10,Cash,West,5/3/2023,9,1
502,1021,Mouse,Accessories,2,1186,10,Card,West,5/17/2023,6,1
503,1049,Tablet,Electronics,2,1456,10,Transfer,North,4/24/2023,5,0
504,1018,Phone,Accessories,5,835,15,Transfer,West,7/7/2024,5,1
505,1061,Phone,Accessories,5,1324,5,Transfer,West,11/26/2023,5,1
506,1089,Keyboard,Electronics,5,1412,0,Cash,South,6/11/2023,5,1
507,1078,Tablet,Accessories,4,833,10,Cash,West,1/8/2023,3,1
508,1032,Laptop,Accessories,3,186,10,Card,South,9/5/2023,5,1
509,1063,Tablet,Electronics,5,883,15,Cash,East,11/18/2023,10,1
510,1058,Monitor,Electronics,3,1097,15,Cash,South,7/7/2024,1,0
511,1035,Tablet,Electronics,3,235,0,Card,South,4/1/2023,7,1
512,1060,Phone,Electronics,5,874,10,Cash,North,7/19/2023,8,0
513,1031,Phone,Electronics,4,1238,5,Card,East,5/18/2024,7,1
514,1045,Monitor,Accessories,4,242,0,Card,West,7/26/2024,8,1
515,1015,Mouse,Accessories,5,278,0,Cash,West,7/28/2023,2,1
516,1092,Monitor,Accessories,5,727,15,Card,South,8/28/2023,1,0
517,1029,Monitor,Electronics,1,454,10,Transfer,West,4/15/2024,9,1
518,1010,Monitor,Accessories,5,982,10,Card,West,1/17/2024,9,0
519,1031,Monitor,Accessories,4,1498,10,Transfer,South,4/13/2023,1,0
520,1009,Laptop,Electronics,3,461,15,Transfer,West,7/16/2023,1,1
521,1005,Laptop,Electronics,5,1121,10,Transfer,East,1/8/2023,4,0
522,1002,Laptop,Accessories,3,1197,0,Cash,South,6/28/2024,6,0
523,1012,Laptop,Accessories,2,90,15,Card,West,10/20/2023,8,0
524,1034,Mouse,Electronics,2,944,0,Cash,West,3/29/2024,5,1
525,1031,Laptop,Accessories,1,748,0,Transfer,South,6/19/2023,3,1
526,1050,Monitor,Accessories,1,1222,0,Cash,East,4/5/2024,7,0
527,1021,Tablet,Accessories,4,621,10,Cash,South,8/9/2023,2,1
528,1010,Tablet,Electronics,2,1326,15,Card,South,3/15/2023,10,1
529,1080,Mouse,Accessories,1,540,15,Card,East,4/7/2024,3,0
530,1021,Phone,Accessories,2,473,15,Cash,East,5/24/2023,6,0
531,1044,Keyboard,Electronics,1,1044,5,Cash,North,8/17/2024,4,1
532,1071,Monitor,Electronics,1,920,15,Transfer,North,9/18/2023,5,0
533,1039,Mouse,Electronics,4,558,10,Cash,South,8/17/2024,10,0
534,1086,Mouse,Electronics,3,1069,15,Transfer,West,3/15/2024,9,1
535,1100,Monitor,Electronics,5,99,5,Card,North,7/14/2023,1,1
536,1020,Monitor,Accessories,1,1213,0,Cash,North,8/17/2023,9,1
537,1082,Laptop,Accessories,5,1312,0,Transfer,North,4/26/2023,1,0
538,1037,Laptop,Accessories,5,502,5,Transfer,East,6/9/2024,4,0
539,1098,Mouse,Electronics,5,857,10,Cash,West,7/1/2023,7,1
540,1066,Keyboard,Electronics,2,307,10,Transfer,North,9/13/2023,2,1
541,1064,Phone,Accessories,4,1218,0,Transfer,West,1/23/2023,9,0
542,1049,Keyboard,Electronics,1,59,0,Card,South,4/5/2024,5,0
543,1081,Tablet,Accessories,5,716,0,Transfer,North,10/20/2023,5,0
544,1089,Mouse,Electronics,4,714,15,Card,North,12/13/2023,7,1
545,1024,Keyboard,Accessories,1,371,15,Cash,North,11/10/2023,9,0
546,1021,Mouse,Accessories,4,194,0,Card,North,10/5/2023,8,1
547,1042,Laptop,Electronics,2,1316,15,Transfer,West,7/30/2024,9,0
548,1096,Laptop,Electronics,3,878,15,Cash,East,7/28/2023,2,1
549,1015,Tablet,Accessories,3,549,15,Transfer,West,9/1/2023,9,1
550,1098,Mouse,Accessories,2,901,15,Transfer,West,8/30/2023,2,1
551,1025,Mouse,Accessories,2,524,5,Cash,South,6/2/2023,6,1
552,1050,Laptop,Accessories,5,130,0,Transfer,South,8/23/2023,5,1
553,1013,Laptop,Electronics,4,413,5,Transfer,West,5/12/2023,5,0
554,1015,Laptop,Electronics,4,562,0,Card,West,10/23/2023,8,0
555,1057,Mouse,Accessories,4,207,5,Cash,South,4/20/2024,8,1
556,1038,Mouse,Accessories,4,1382,10,Transfer,North,4/27/2024,1,1
557,1080,Monitor,Electronics,4,726,10,Transfer,East,1/25/2023,2,0
558,1059,Keyboard,Electronics,2,504,10,Transfer,West,8/9/2024,5,1
559,1051,Phone,Electronics,3,539,5,Cash,South,2/23/2024,2,1
560,1000,Keyboard,Accessories,2,607,0,Card,East,11/23/2023,6,0
561,1007,Mouse,Electronics,2,70,10,Cash,North,7/8/2024,3,0
562,1097,Phone,Electronics,3,914,5,Cash,North,3/6/2024,2,0
563,1062,Laptop,Electronics,1,1144,15,Card,North,1/16/2024,4,1
564,1084,Laptop,Electronics,5,1299,5,Cash,West,5/7/2024,10,1
565,1000,Keyboard,Electronics,3,890,15,Cash,West,4/9/2023,8,1
566,1014,Laptop,Electronics,5,1348,15,Transfer,East,4/17/2023,8,0
567,1044,Phone,Accessories,1,313,5,Transfer,North,8/5/2023,6,0
568,1072,Laptop,Electronics,3,1486,15,Transfer,East,11/10/2023,2,1
569,1003,Laptop,Electronics,4,463,10,Card,South,1/3/2023,3,1
570,1087,Laptop,Electronics,3,762,5,Card,North,1/17/2024,7,0
571,1056,Phone,Accessories,5,967,5,Cash,South,11/5/2023,5,1
572,1074,Tablet,Accessories,2,849,15,Cash,South,4/18/2024,6,0
573,1027,Laptop,Accessories,2,1429,10,Cash,South,7/20/2023,10,1
574,1007,Keyboard,Accessories,2,764,0,Transfer,North,12/23/2023,6,0
575,1047,Keyboard,Electronics,3,693,0,Card,East,12/21/2023,7,0
576,1009,Mouse,Accessories,2,491,10,Cash,North,5/19/2024,8,1
577,1073,Monitor,Accessories,2,138,5,Cash,West,2/7/2024,2,0
578,1032,Monitor,Electronics,1,775,10,Cash,West,6/23/2024,6,0
579,1002,Monitor,Electronics,1,1466,15,Cash,West,3/22/2024,6,1
580,1077,Tablet,Accessories,5,1453,15,Cash,East,4/11/2023,10,1
581,1014,Keyboard,Accessories,2,602,0,Cash,East,11/3/2023,7,1
582,1059,Monitor,Accessories,3,137,15,Card,West,2/26/2024,1,1
583,1085,Keyboard,Accessories,4,1435,10,Card,South,10/16/2023,3,0
584,1004,Monitor,Accessories,1,487,10,Transfer,East,12/5/2023,8,1
585,1100,Monitor,Accessories,4,152,10,Cash,South,7/24/2023,5,0
586,1050,Mouse,Electronics,3,203,5,Card,South,12/3/2023,6,1
587,1017,Phone,Accessories,3,418,5,Card,West,9/2/2023,3,0
588,1004,Laptop,Accessories,4,560,10,Card,North,5/13/2023,3,0
589,1074,Monitor,Electronics,5,1036,5,Card,West,1/21/2023,1,0
590,1011,Monitor,Electronics,3,651,0,Card,North,9/18/2023,3,1
591,1031,Phone,Electronics,4,1262,0,Cash,South,7/20/2024,2,0
592,1061,Phone,Electronics,2,148,5,Card,South,6/6/2023,1,1
593,1080,Keyboard,Electronics,2,1445,5,Cash,East,3/19/2024,4,1
594,1008,Keyboard,Accessories,2,678,15,Cash,North,11/17/2023,5,1
595,1028,Keyboard,Accessories,1,1354,5,Cash,West,12/27/2023,9,1
596,1068,Mouse,Accessories,5,120,0,Cash,West,5/13/2023,5,0
597,1024,Phone,Electronics,1,1348,5,Transfer,North,2/25/2023,5,1
598,1008,Monitor,Electronics,5,700,10,Cash,South,1/17/2024,6,0
599,1094,Phone,Electronics,4,122,10,Cash,South,10/5/2023,5,1
600,1088,Laptop,Electronics,4,180,15,Cash,South,1/25/2023,2,1
601,1074,Monitor,Accessories,3,1158,10,Transfer,East,1/3/2024,9,0
602,1044,Laptop,Accessories,2,309,5,Transfer,South,10/29/2023,2,0
603,1035,Keyboard,Electronics,4,1499,10,Transfer,West,3/29/2023,7,1
604,1098,Tablet,Accessories,2,675,0,Transfer,North,4/4/2023,3,1
605,1059,Tablet,Accessories,1,1090,15,Card,South,10/4/2023,7,1
606,1019,Tablet,Electronics,5,1368,5,Transfer,West,8/14/2023,4,1
607,1079,Mouse,Electronics,1,138,15,Cash,South,3/1/2024,10,0
608,1083,Phone,Accessories,2,1142,15,Transfer,South,8/11/2023,1,0
609,1041,Laptop,Accessories,4,719,0,Cash,West,6/17/2024,10,1
610,1093,Mouse,Electronics,4,1254,10,Cash,South,6/22/2024,5,1
611,1026,Phone,Electronics,1,411,10,Transfer,North,8/1/2024,2,1
612,1063,Phone,Accessories,2,1366,15,Card,North,2/21/2024,1,1
613,1009,Laptop,Accessories,1,104,15,Card,North,3/23/2024,9,1
614,1036,Laptop,Accessories,2,1216,5,Card,East,7/17/2024,7,0
615,1095,Laptop,Electronics,2,632,0,Cash,East,10/6/2023,7,0
616,1061,Laptop,Electronics,4,569,0,Cash,South,8/4/2023,7,1
617,1028,Tablet,Electronics,3,106,0,Transfer,East,1/9/2024,4,1
618,1013,Monitor,Accessories,4,642,10,Card,North,5/12/2024,7,0
619,1037,Keyboard,Accessories,4,235,10,Card,North,3/7/2023,2,0
620,1083,Monitor,Accessories,4,673,10,Card,South,5/30/2023,1,1
621,1035,Mouse,Electronics,5,1406,10,Cash,North,1/13/2023,5,1
622,1091,Keyboard,Accessories,5,851,5,Card,North,12/21/2023,2,0
623,1048,Keyboard,Electronics,1,1370,0,Cash,West,5/31/2024,8,0
624,1057,Keyboard,Accessories,1,453,15,Cash,West,5/28/2024,5,0
625,1056,Monitor,Accessories,2,1365,0,Transfer,West,12/2/2023,5,0
626,1012,Mouse,Accessories,4,335,5,Card,East,4/4/2023,7,0
627,1058,Keyboard,Electronics,4,966,5,Card,East,3/25/2023,9,0
628,1047,Keyboard,Electronics,3,999,0,Transfer,North,2/1/2024,2,0
629,1047,Mouse,Electronics,4,770,15,Transfer,North,9/13/2023,2,1
630,1063,Monitor,Accessories,1,1046,5,Transfer,West,4/2/2024,5,0
631,1059,Tablet,Accessories,5,280,10,Card,East,5/9/2024,2,0
632,1094,Tablet,Accessories,3,157,0,Cash,South,10/10/2023,10,0
633,1052,Mouse,Electronics,2,561,10,Transfer,South,11/6/2023,9,0
634,1002,Tablet,Electronics,4,1405,15,Cash,East,8/25/2023,7,1
635,1054,Laptop,Accessories,1,377,0,Card,South,1/23/2024,6,0
636,1003,Tablet,Electronics,2,651,0,Card,East,8/3/2024,5,0
637,1082,Keyboard,Accessories,4,148,10,Transfer,West,6/14/2024,4,0
638,1030,Keyboard,Accessories,4,1451,10,Transfer,North,7/3/2023,4,0
639,1027,Phone,Accessories,5,670,5,Cash,South,7/23/2024,10,1
640,1078,Keyboard,Electronics,3,1215,10,Cash,West,7/14/2023,1,0
641,1069,Laptop,Accessories,5,655,15,Cash,North,1/23/2024,8,0
642,1084,Phone,Electronics,2,1340,10,Transfer,East,1/11/2024,8,1
643,1095,Mouse,Electronics,5,108,5,Transfer,East,6/16/2023,1,1
644,1064,Monitor,Accessories,3,961,0,Cash,East,7/17/2024,5,1
645,1000,Phone,Electronics,1,1308,0,Cash,West,2/17/2024,2,1
646,1048,Phone,Electronics,4,1450,5,Cash,North,1/2/2023,1,0
647,1057,Phone,Accessories,1,1108,10,Transfer,North,2/27/2024,9,1
648,1056,Keyboard,Electronics,2,1040,0,Transfer,East,5/5/2024,1,0
649,1060,Laptop,Accessories,1,1241,15,Transfer,South,12/10/2023,4,1
650,1047,Laptop,Accessories,4,890,0,Transfer,West,4/7/2024,7,0
651,1026,Phone,Accessories,5,483,15,Cash,North,11/17/2023,1,0
652,1046,Tablet,Electronics,1,1443,15,Transfer,North,4/10/2024,2,0
653,1080,Laptop,Accessories,2,1070,10,Transfer,North,11/1/2023,1,1
654,1020,Mouse,Accessories,1,751,5,Cash,South,6/22/2023,10,0
655,1053,Keyboard,Electronics,4,958,10,Card,South,5/31/2024,6,0
656,1093,Tablet,Electronics,1,1205,0,Cash,West,1/3/2023,2,0
657,1085,Mouse,Accessories,4,972,15,Cash,East,4/1/2023,1,1
658,1010,Mouse,Accessories,4,709,15,Cash,North,1/24/2023,4,1
659,1017,Keyboard,Accessories,1,1327,10,Transfer,South,7/24/2024,10,0
660,1082,Phone,Accessories,5,611,0,Cash,East,2/23/2024,5,0
661,1046,Phone,Electronics,2,1328,5,Card,West,1/23/2024,8,0
662,1079,Laptop,Accessories,2,69,5,Cash,South,4/26/2024,3,1
663,1086,Tablet,Accessories,1,510,10,Transfer,East,1/16/2023,5,0
664,1016,Phone,Electronics,5,1427,10,Card,East,3/7/2024,6,1
665,1013,Mouse,Accessories,3,464,15,Cash,West,8/23/2024,2,0
666,1065,Laptop,Accessories,5,806,15,Card,South,8/13/2024,7,0
667,1069,Tablet,Electronics,5,973,0,Cash,West,6/5/2024,3,1
668,1016,Monitor,Accessories,5,139,5,Transfer,South,8/12/2024,1,1
669,1051,Laptop,Electronics,5,1245,10,Transfer,South,8/17/2023,9,1
670,1071,Phone,Accessories,4,387,0,Card,North,11/7/2023,9,0
671,1004,Laptop,Electronics,1,769,10,Card,West,4/27/2024,3,1
672,1096,Laptop,Accessories,2,1030,0,Card,West,3/8/2023,4,1
673,1094,Laptop,Electronics,1,1401,15,Card,North,6/7/2024,1,1
674,1059,Keyboard,Electronics,5,871,15,Card,West,7/30/2024,10,1
675,1071,Mouse,Accessories,2,295,15,Card,West,7/22/2023,1,0
676,1047,Laptop,Electronics,1,549,15,Card,West,5/11/2024,2,0
677,1063,Monitor,Electronics,5,105,0,Cash,West,8/12/2024,9,0
678,1007,Monitor,Electronics,5,1327,5,Transfer,South,1/18/2023,8,1
679,1029,Keyboard,Accessories,2,476,0,Cash,West,2/1/2023,8,1
680,1001,Keyboard,Electronics,2,770,0,Cash,North,4/8/2023,9,0
681,1012,Tablet,Electronics,2,824,0,Cash,East,3/28/2023,9,0
682,1054,Monitor,Accessories,1,907,5,Transfer,North,7/27/2023,5,1
683,1011,Mouse,Accessories,2,879,15,Card,North,12/29/2023,10,0
684,1021,Phone,Accessories,4,405,0,Cash,North,3/2/2024,3,0
685,1005,Laptop,Accessories,2,841,5,Cash,South,3/6/2024,2,0
686,1012,Monitor,Electronics,5,1202,5,Card,North,1/13/2024,8,1
687,1027,Mouse,Accessories,3,437,10,Transfer,South,10/31/2023,2,0
688,1086,Laptop,Electronics,2,64,15,Card,North,3/28/2023,9,0
689,1065,Phone,Electronics,2,219,10,Card,South,1/3/2024,7,0
690,1053,Keyboard,Electronics,4,434,15,Transfer,East,4/20/2024,7,1
691,1003,Tablet,Electronics,4,347,15,Card,North,3/4/2024,6,1
692,1030,Phone,Accessories,5,799,10,Transfer,North,5/26/2023,5,0
693,1064,Laptop,Accessories,5,1142,10,Cash,North,9/2/2023,4,1
694,1063,Tablet,Accessories,4,718,15,Card,East,1/29/2024,6,1
695,1091,Monitor,Electronics,1,423,0,Card,West,9/26/2023,9,1
696,1047,Tablet,Accessories,1,1358,0,Card,South,6/3/2024,1,0
697,1037,Phone,Accessories,1,460,0,Card,North,2/11/2024,3,0
698,1058,Laptop,Electronics,2,1477,0,Card,North,6/18/2024,4,0
699,1006,Laptop,Electronics,2,1464,0,Transfer,West,11/10/2023,2,0
700,1042,Monitor,Accessories,5,199,0,Transfer,South,10/6/2023,2,0
701,1072,Tablet,Accessories,3,1481,5,Transfer,East,10/2/2023,4,0
702,1065,Laptop,Electronics,5,186,15,Transfer,West,1/31/2024,4,1
703,1040,Monitor,Accessories,5,696,0,Cash,South,6/25/2024,7,0
704,1073,Phone,Electronics,5,789,5,Card,South,5/20/2024,8,1
705,1067,Tablet,Accessories,4,1457,0,Card,South,12/4/2023,3,1
706,1068,Laptop,Accessories,2,264,0,Card,South,5/15/2024,7,1
707,1047,Keyboard,Accessories,4,311,15,Cash,West,12/21/2023,7,1
708,1095,Mouse,Accessories,3,1094,10,Transfer,North,3/21/2024,2,1
709,1033,Monitor,Electronics,4,1013,0,Cash,East,8/28/2023,4,1
710,1060,Keyboard,Electronics,1,403,10,Cash,North,4/27/2023,5,1
711,1001,Tablet,Electronics,5,1445,15,Transfer,East,1/13/2023,7,0
712,1057,Tablet,Electronics,4,1476,15,Transfer,North,7/27/2024,7,1
713,1078,Phone,Accessories,3,156,0,Card,North,2/16/2023,2,0
714,1009,Laptop,Electronics,5,1300,0,Transfer,North,2/6/2024,7,0
715,1080,Mouse,Electronics,2,438,15,Cash,South,2/26/2024,9,1
716,1022,Tablet,Accessories,2,801,10,Transfer,West,1/13/2023,8,0
717,1018,Mouse,Accessories,1,1337,15,Cash,West,2/20/2023,4,1
718,1036,Keyboard,Accessories,4,1391,15,Card,North,12/7/2023,4,1
719,1003,Laptop,Accessories,2,511,10,Cash,West,5/9/2024,1,0
720,1066,Tablet,Accessories,3,821,5,Card,South,6/20/2023,6,1
721,1052,Mouse,Accessories,2,1206,10,Card,North,7/5/2024,7,1
722,1095,Monitor,Accessories,2,1478,5,Card,North,10/15/2023,1,1
723,1046,Monitor,Electronics,3,1138,0,Cash,North,8/2/2023,5,0
724,1093,Tablet,Accessories,4,1405,10,Transfer,East,1/17/2024,10,1
725,1005,Keyboard,Electronics,5,1027,5,Card,East,11/9/2023,3,0
726,1072,Tablet,Electronics,4,1068,5,Transfer,North,10/7/2023,8,0
727,1049,Tablet,Electronics,2,1416,5,Card,West,6/2/2023,2,0
728,1092,Keyboard,Electronics,4,316,15,Transfer,North,8/15/2024,10,0
729,1096,Phone,Electronics,2,480,15,Transfer,South,1/21/2023,2,1
730,1015,Tablet,Accessories,2,976,10,Transfer,West,3/7/2024,1,0
731,1050,Laptop,Accessories,1,59,5,Card,East,2/28/2023,8,0
732,1071,Tablet,Accessories,3,1268,10,Cash,North,3/23/2024,1,1
733,1100,Laptop,Accessories,3,163,0,Transfer,East,8/4/2024,1,1
734,1092,Phone,Accessories,2,128,15,Cash,North,7/29/2023,9,0
735,1037,Mouse,Electronics,4,287,10,Cash,East,8/10/2024,4,0
736,1058,Mouse,Accessories,3,621,0,Cash,North,5/16/2024,9,0
737,1032,Phone,Accessories,2,831,0,Card,South,5/28/2023,7,1
738,1053,Monitor,Accessories,4,820,5,Card,East,3/29/2024,9,1
739,1091,Tablet,Accessories,4,916,15,Cash,South,4/1/2023,2,1
740,1094,Laptop,Accessories,2,486,10,Cash,East,2/10/2023,4,1
741,1014,Mouse,Accessories,3,418,10,Transfer,East,2/9/2023,9,1
742,1041,Mouse,Electronics,1,70,0,Transfer,North,2/8/2024,9,1
743,1049,Monitor,Accessories,3,1381,10,Transfer,South,3/21/2024,2,0
744,1036,Laptop,Accessories,1,789,15,Card,South,4/24/2024,5,0
745,1006,Laptop,Accessories,1,1066,5,Transfer,West,1/7/2024,8,0
746,1000,Phone,Accessories,3,292,5,Card,South,7/12/2024,5,0
747,1076,Mouse,Accessories,1,1306,5,Cash,North,2/3/2024,5,1
748,1040,Laptop,Electronics,3,410,0,Card,West,4/13/2023,3,1
749,1073,Keyboard,Electronics,2,956,15,Cash,South,11/27/2023,3,0
750,1054,Monitor,Electronics,3,53,15,Cash,East,2/29/2024,3,0
751,1065,Mouse,Electronics,4,1296,15,Cash,North,8/23/2023,3,1
752,1052,Keyboard,Accessories,3,727,0,Cash,South,2/8/2024,5,1
753,1050,Mouse,Accessories,1,1260,15,Transfer,North,4/24/2023,9,1
754,1090,Laptop,Accessories,4,1126,5,Transfer,North,6/8/2024,6,1
755,1092,Laptop,Electronics,2,237,15,Transfer,East,7/11/2023,2,1
756,1006,Mouse,Accessories,4,970,15,Transfer,South,12/5/2023,9,1
757,1037,Laptop,Electronics,2,172,15,Transfer,East,12/25/2023,5,1
758,1043,Mouse,Electronics,1,1381,15,Transfer,West,5/13/2023,2,0
759,1078,Laptop,Electronics,4,1231,0,Card,South,9/18/2023,5,1
760,1100,Mouse,Electronics,5,450,5,Card,North,9/8/2023,4,0
761,1057,Keyboard,Electronics,4,86,5,Cash,East,7/29/2023,1,0
762,1088,Laptop,Accessories,5,1366,0,Card,North,5/19/2023,6,0
763,1060,Monitor,Accessories,1,1438,15,Cash,West,4/19/2023,1,0
764,1043,Laptop,Accessories,4,118,0,Card,West,6/23/2024,7,0
765,1027,Laptop,Accessories,4,889,5,Card,North,1/30/2023,3,1
766,1044,Phone,Electronics,4,843,0,Transfer,East,4/17/2024,3,0
767,1061,Laptop,Electronics,5,453,15,Transfer,North,10/5/2023,6,1
768,1029,Phone,Accessories,2,1120,0,Card,North,1/14/2024,6,0
769,1098,Phone,Electronics,1,222,5,Cash,West,2/23/2024,6,0
770,1061,Monitor,Accessories,5,455,0,Cash,North,10/5/2023,5,1
771,1096,Monitor,Accessories,1,497,15,Transfer,South,6/14/2023,10,1
772,1018,Laptop,Electronics,4,933,10,Transfer,North,1/25/2023,9,0
773,1025,Mouse,Accessories,1,1474,0,Transfer,South,6/1/2024,9,1
774,1086,Monitor,Accessories,2,1014,5,Cash,West,7/31/2024,2,0
775,1097,Laptop,Accessories,4,970,0,Card,West,6/2/2023,7,0
776,1039,Tablet,Accessories,2,1359,10,Card,North,1/20/2024,6,1
777,1014,Tablet,Electronics,2,325,15,Cash,East,6/16/2023,7,1
778,1003,Monitor,Electronics,5,683,15,Transfer,South,8/8/2024,3,1
779,1020,Tablet,Electronics,3,1266,5,Transfer,South,1/19/2024,9,1
780,1064,Tablet,Accessories,1,1225,15,Card,South,8/10/2023,6,1
781,1005,Laptop,Electronics,5,69,0,Card,West,10/29/2023,4,1
782,1070,Keyboard,Accessories,4,1473,5,Transfer,West,1/3/2024,6,0
783,1097,Laptop,Electronics,3,700,5,Transfer,East,3/12/2023,5,1
784,1052,Monitor,Accessories,4,154,5,Cash,North,4/29/2024,1,1
785,1032,Keyboard,Electronics,2,502,10,Transfer,East,6/14/2024,5,0
786,1045,Laptop,Electronics,4,638,5,Cash,West,12/26/2023,5,0
787,1024,Phone,Accessories,2,1426,5,Cash,West,6/15/2023,4,0
788,1049,Laptop,Electronics,4,691,10,Card,East,10/13/2023,4,0
789,1009,Mouse,Accessories,3,813,15,Cash,West,3/2/2024,9,0
790,1002,Keyboard,Accessories,5,101,10,Card,West,7/24/2024,7,0
791,1033,Keyboard,Electronics,1,1016,10,Cash,West,7/19/2024,6,0
792,1040,Mouse,Electronics,5,661,5,Card,South,1/13/2024,9,0
793,1034,Tablet,Accessories,3,861,5,Cash,West,8/12/2024,9,1
794,1050,Mouse,Accessories,5,640,10,Card,West,6/19/2024,3,1
795,1027,Mouse,Electronics,2,814,10,Cash,South,4/13/2023,4,0
796,1066,Monitor,Accessories,3,1273,10,Card,South,6/24/2023,2,0
797,1088,Laptop,Electronics,2,975,15,Cash,West,7/27/2023,8,0
798,1094,Laptop,Electronics,1,877,5,Transfer,East,3/7/2024,1,0
799,1013,Keyboard,Accessories,4,1163,0,Cash,South,3/17/2023,5,1
800,1063,Tablet,Accessories,1,847,0,Transfer,North,4/9/2024,10,1
801,1005,Laptop,Electronics,1,868,10,Card,East,8/18/2024,6,1
802,1100,Tablet,Accessories,2,1321,15,Cash,North,12/23/2023,7,1
803,1083,Mouse,Electronics,3,1403,15,Card,South,8/9/2024,7,0
804,1046,Tablet,Accessories,5,194,15,Card,North,5/21/2023,8,1
805,1020,Monitor,Electronics,5,445,0,Card,East,1/21/2023,8,0
806,1053,Mouse,Electronics,4,330,0,Cash,South,2/6/2023,8,1
807,1068,Mouse,Accessories,3,1339,15,Card,West,8/21/2023,3,1
808,1081,Tablet,Accessories,2,1117,10,Card,North,12/12/2023,7,1
809,1064,Keyboard,Accessories,1,86,10,Card,South,2/6/2024,7,1
810,1043,Keyboard,Accessories,4,395,10,Transfer,North,7/8/2023,6,0
811,1033,Phone,Electronics,5,429,15,Card,East,10/10/2023,2,0
812,1000,Tablet,Accessories,2,938,15,Transfer,West,11/24/2023,1,1
813,1081,Monitor,Accessories,4,863,0,Transfer,South,9/8/2023,2,1
814,1055,Monitor,Accessories,3,740,5,Cash,East,4/7/2023,6,1
815,1046,Mouse,Accessories,5,991,15,Card,East,2/21/2024,8,0
816,1036,Monitor,Accessories,1,509,0,Transfer,West,4/30/2023,4,1
817,1074,Phone,Accessories,2,1205,10,Cash,South,12/4/2023,7,1
818,1066,Phone,Accessories,1,1321,0,Transfer,South,1/17/2023,8,0
819,1032,Tablet,Accessories,1,405,5,Cash,East,1/28/2023,6,0
820,1057,Monitor,Electronics,3,1001,0,Transfer,West,6/30/2023,7,0
821,1068,Laptop,Electronics,4,843,5,Cash,South,9/12/2023,6,1
822,1099,Laptop,Accessories,5,1456,0,Card,West,7/3/2023,1,0
823,1093,Tablet,Accessories,5,1396,15,Card,West,7/8/2024,3,0
824,1069,Tablet,Electronics,3,1082,0,Transfer,East,1/19/2024,3,1
825,1077,Phone,Electronics,3,1181,0,Transfer,South,12/27/2023,3,0
826,1085,Keyboard,Electronics,4,637,5,Card,South,11/12/2023,1,1
827,1100,Mouse,Accessories,1,487,15,Card,West,1/12/2023,6,1
828,1087,Tablet,Electronics,1,794,15,Card,East,4/13/2023,2,0
829,1045,Mouse,Accessories,4,139,0,Cash,West,5/17/2024,10,1
830,1085,Phone,Accessories,5,162,10,Card,East,12/1/2023,2,0
831,1076,Laptop,Accessories,5,1059,5,Cash,North,5/12/2023,5,1
832,1094,Monitor,Electronics,2,286,5,Transfer,South,2/28/2023,1,0
833,1047,Mouse,Accessories,2,775,0,Card,West,3/6/2023,5,1
834,1020,Phone,Accessories,5,1254,15,Cash,West,11/15/2023,8,0
835,1048,Tablet,Electronics,1,1002,0,Card,South,10/7/2023,1,0
836,1078,Monitor,Electronics,3,434,5,Card,West,8/13/2023,3,0
837,1041,Mouse,Accessories,1,118,0,Transfer,East,8/7/2023,9,1
838,1100,Keyboard,Electronics,4,299,5,Transfer,West,6/22/2024,1,1
839,1066,Phone,Accessories,3,312,15,Transfer,North,5/19/2023,3,1
840,1047,Laptop,Accessories,3,1191,5,Cash,West,7/4/2024,1,1
841,1043,Mouse,Electronics,3,1064,10,Transfer,West,6/10/2024,6,1
842,1078,Phone,Accessories,5,62,5,Card,East,5/25/2023,9,1
843,1038,Keyboard,Electronics,4,1168,5,Transfer,West,2/27/2023,8,1
844,1094,Phone,Electronics,3,686,5,Transfer,West,9/11/2023,1,1
845,1034,Tablet,Electronics,4,294,10,Transfer,East,7/30/2023,3,0
846,1046,Monitor,Electronics,4,350,15,Card,South,10/8/2023,3,0
847,1097,Monitor,Electronics,1,1479,10,Transfer,West,7/10/2024,7,0
848,1011,Mouse,Electronics,5,1054,0,Cash,East,6/19/2023,4,1
849,1025,Keyboard,Electronics,2,451,15,Cash,East,5/5/2023,7,0
850,1040,Tablet,Accessories,5,447,5,Cash,East,3/9/2023,4,0
851,1075,Keyboard,Accessories,2,442,0,Card,North,12/27/2023,1,0
852,1078,Keyboard,Electronics,2,883,5,Card,North,7/24/2023,8,1
853,1089,Keyboard,Electronics,2,1390,0,Card,East,2/9/2023,7,1
854,1085,Monitor,Accessories,4,109,10,Card,West,7/2/2023,7,0
855,1013,Mouse,Accessories,3,1284,10,Cash,West,1/8/2024,3,0
856,1036,Mouse,Accessories,4,312,5,Card,East,1/8/2023,10,0
857,1091,Keyboard,Accessories,5,1351,10,Transfer,North,12/10/2023,8,1
858,1010,Laptop,Accessories,3,1013,10,Card,South,6/15/2023,6,1
859,1091,Tablet,Accessories,4,775,10,Card,North,11/8/2023,9,0
860,1094,Laptop,Electronics,3,830,10,Transfer,West,4/17/2024,6,1
861,1040,Phone,Accessories,2,362,10,Transfer,East,5/7/2023,7,0
862,1058,Mouse,Accessories,4,926,15,Cash,West,5/5/2024,8,0
863,1008,Mouse,Electronics,4,1026,15,Card,East,8/23/2023,1,0
864,1024,Phone,Accessories,1,458,15,Cash,South,5/7/2023,4,1
865,1061,Monitor,Accessories,1,572,0,Card,East,2/21/2023,4,1
866,1018,Mouse,Accessories,5,1470,15,Card,South,6/18/2023,1,1
867,1067,Phone,Accessories,5,950,15,Card,West,7/19/2023,1,1
868,1087,Phone,Accessories,1,1305,15,Cash,East,4/11/2023,8,0
869,1071,Phone,Electronics,2,443,5,Cash,South,4/21/2023,4,1
870,1035,Keyboard,Accessories,3,451,15,Cash,West,7/25/2023,9,0
871,1018,Laptop,Accessories,1,1056,15,Transfer,South,4/18/2023,9,1
872,1034,Phone,Electronics,2,1337,0,Card,West,4/24/2023,1,0
873,1058,Keyboard,Electronics,1,1225,10,Cash,West,3/24/2024,6,0
874,1051,Tablet,Accessories,1,777,10,Cash,South,8/17/2024,2,1
875,1041,Mouse,Accessories,3,1369,10,Cash,North,4/9/2024,5,1
876,1044,Keyboard,Electronics,1,763,0,Card,North,6/3/2024,8,1
877,1050,Phone,Electronics,4,1411,5,Cash,East,7/23/2023,9,0
878,1053,Tablet,Electronics,2,873,15,Transfer,East,1/19/2023,6,0
879,1009,Tablet,Accessories,4,1180,10,Cash,West,2/14/2024,9,1
880,1070,Mouse,Electronics,3,257,10,Card,East,9/27/2023,9,1
881,1024,Laptop,Accessories,3,245,5,Cash,West,11/23/2023,10,0
882,1053,Tablet,Accessories,2,944,10,Card,East,3/5/2023,4,0
883,1050,Laptop,Electronics,1,497,15,Transfer,East,2/10/2024,1,0
884,1044,Monitor,Electronics,4,126,15,Transfer,West,2/8/2023,2,0
885,1026,Tablet,Accessories,4,1216,5,Transfer,South,7/6/2024,3,0
886,1037,Phone,Accessories,3,1467,0,Card,North,10/6/2023,1,0
887,1061,Mouse,Electronics,1,1439,15,Transfer,East,6/5/2023,3,0
888,1032,Tablet,Accessories,3,350,5,Card,South,1/20/2024,2,1
889,1019,Tablet,Electronics,3,662,5,Cash,East,9/3/2023,8,0
890,1015,Mouse,Accessories,4,1160,10,Cash,East,7/19/2024,7,0
891,1023,Phone,Accessories,2,204,5,Transfer,West,3/6/2023,3,1
892,1087,Monitor,Electronics,2,293,10,Card,South,3/25/2023,1,0
893,1100,Phone,Accessories,3,770,0,Card,West,7/1/2023,8,0
894,1006,Keyboard,Electronics,1,255,5,Card,North,3/5/2023,7,1
895,1071,Laptop,Accessories,4,387,0,Transfer,North,8/9/2024,6,0
896,1019,Monitor,Accessories,4,300,5,Cash,East,1/5/2023,7,0
897,1079,Phone,Accessories,4,994,0,Card,East,2/24/2023,2,0
898,1019,Keyboard,Electronics,1,1440,5,Cash,North,5/23/2024,3,0
899,1099,Keyboard,Accessories,4,579,15,Cash,West,7/7/2024,8,1
900,1031,Tablet,Accessories,3,394,10,Card,North,8/16/2024,2,0
901,1055,Laptop,Electronics,5,244,0,Cash,West,7/15/2024,7,0
902,1039,Mouse,Accessories,2,1422,15,Card,West,8/22/2024,6,1
903,1015,Tablet,Electronics,2,1295,10,Card,West,5/6/2023,3,0
904,1041,Tablet,Electronics,2,314,5,Card,West,3/10/2024,7,0
905,1100,Keyboard,Accessories,4,547,0,Cash,South,1/9/2023,1,1
906,1042,Tablet,Electronics,1,320,5,Card,South,5/26/2024,4,1
907,1095,Laptop,Accessories,2,1384,15,Cash,West,6/27/2024,7,1
908,1031,Mouse,Electronics,2,1371,0,Transfer,West,4/20/2024,9,0
909,1094,Monitor,Electronics,5,593,0,Card,West,1/30/2023,10,0
910,1047,Laptop,Accessories,1,1447,10,Transfer,North,8/22/2024,7,0
911,1002,Phone,Accessories,2,1446,5,Cash,North,4/28/2023,3,1
912,1074,Mouse,Electronics,1,977,5,Cash,East,12/9/2023,6,0
913,1054,Tablet,Accessories,5,467,5,Cash,South,8/17/2023,8,0
914,1071,Phone,Accessories,2,662,15,Card,South,4/7/2023,9,0
915,1072,Monitor,Electronics,2,631,10,Transfer,West,5/19/2024,1,1
916,1002,Tablet,Electronics,1,1442,5,Transfer,South,3/7/2023,9,0
917,1019,Laptop,Accessories,2,672,0,Transfer,West,3/28/2024,8,0
918,1067,Laptop,Accessories,1,1309,0,Cash,West,5/8/2024,2,1
919,1040,Phone,Accessories,5,905,5,Card,West,3/2/2024,1,0
920,1033,Keyboard,Accessories,2,663,5,Cash,West,3/8/2023,3,0
921,1052,Keyboard,Accessories,1,534,5,Cash,East,2/22/2023,2,0
922,1005,Phone,Accessories,5,1366,0,Card,North,6/17/2023,8,0
923,1028,Laptop,Accessories,1,387,5,Transfer,South,9/9/2023,2,0
924,1040,Mouse,Accessories,4,515,0,Card,West,9/10/2023,5,1
925,1043,Monitor,Electronics,5,1169,0,Transfer,West,8/12/2023,10,1
926,1070,Keyboard,Accessories,1,1062,15,Transfer,West,12/1/2023,4,0
927,1008,Keyboard,Accessories,5,149,0,Transfer,North,8/2/2023,8,1
928,1059,Laptop,Accessories,5,498,0,Transfer,South,2/9/2024,5,1
929,1025,Monitor,Accessories,2,1303,15,Card,West,4/7/2024,8,0
930,1091,Tablet,Electronics,5,667,15,Card,West,10/31/2023,9,0
931,1039,Mouse,Accessories,3,1212,0,Card,East,10/15/2023,4,1
932,1061,Mouse,Electronics,1,240,5,Transfer,North,6/28/2023,9,1
933,1033,Keyboard,Electronics,4,256,5,Cash,West,6/17/2023,4,1
934,1080,Tablet,Accessories,5,1301,5,Transfer,South,8/9/2023,3,0
935,1005,Tablet,Accessories,5,1210,5,Transfer,South,3/17/2024,4,0
936,1089,Tablet,Accessories,3,748,10,Transfer,North,1/18/2024,1,0
937,1005,Phone,Accessories,2,254,10,Cash,North,1/5/2023,10,0
938,1026,Monitor,Accessories,3,977,10,Transfer,North,2/13/2023,4,0
939,1058,Tablet,Electronics,5,208,5,Card,West,10/2/2023,1,1
940,1037,Phone,Accessories,3,537,10,Card,South,10/1/2023,1,1
941,1070,Monitor,Accessories,1,495,10,Card,North,6/20/2024,7,1
942,1035,Mouse,Accessories,2,1278,15,Transfer,West,10/7/2023,8,0
943,1056,Keyboard,Electronics,5,154,10,Card,West,5/15/2024,9,1
944,1097,Phone,Electronics,5,258,5,Cash,North,2/19/2023,9,1
945,1013,Mouse,Electronics,2,85,5,Card,South,3/1/2023,10,0
946,1094,Phone,Electronics,3,816,5,Cash,West,8/4/2024,6,1
947,1023,Mouse,Accessories,3,140,15,Card,South,1/6/2024,9,1
948,1081,Monitor,Electronics,1,394,5,Cash,West,12/18/2023,10,1
949,1091,Tablet,Electronics,1,78,15,Cash,East,4/19/2024,3,0
950,1013,Monitor,Accessories,3,1197,15,Cash,East,9/21/2023,7,1
951,1078,Phone,Accessories,4,442,10,Cash,South,3/16/2023,10,1
952,1049,Phone,Electronics,2,646,0,Transfer,West,4/16/2023,4,1
953,1064,Keyboard,Electronics,2,1013,15,Card,North,1/5/2023,1,0
954,1062,Monitor,Electronics,4,1444,15,Transfer,East,5/18/2023,4,0
955,1033,Monitor,Electronics,4,1085,10,Card,West,1/31/2024,9,1
956,1057,Tablet,Electronics,1,295,5,Cash,East,1/11/2024,1,0
957,1054,Tablet,Electronics,3,1388,15,Card,West,1/23/2023,5,0
958,1043,Phone,Electronics,3,155,0,Card,North,8/17/2024,1,0
959,1065,Tablet,Electronics,3,814,10,Card,North,3/23/2024,2,1
960,1000,Monitor,Accessories,1,1181,0,Card,West,6/28/2023,2,0
961,1068,Phone,Accessories,3,1037,5,Cash,West,6/9/2024,6,1
962,1053,Mouse,Accessories,1,729,10,Transfer,East,4/30/2024,3,0
963,1003,Mouse,Electronics,5,1344,15,Transfer,South,1/5/2024,3,1
964,1093,Phone,Accessories,5,1330,10,Card,South,3/25/2023,8,1
965,1043,Tablet,Accessories,3,999,15,Transfer,North,2/5/2024,6,1
966,1053,Monitor,Accessories,3,1024,10,Cash,East,5/16/2024,5,0
967,1003,Monitor,Electronics,4,329,10,Transfer,South,7/19/2023,8,1
968,1067,Monitor,Accessories,4,845,15,Card,North,1/18/2023,6,0
969,1042,Mouse,Accessories,5,1292,0,Transfer,South,7/18/2024,7,1
970,1098,Phone,Accessories,1,130,5,Cash,West,6/17/2023,4,1
971,1079,Phone,Accessories,2,1050,10,Card,East,10/24/2023,1,0
972,1083,Mouse,Accessories,4,1115,0,Card,West,9/18/2023,6,1
973,1094,Laptop,Electronics,3,1408,5,Transfer,East,7/17/2024,7,1
974,1054,Laptop,Electronics,4,1270,15,Cash,South,3/10/2024,2,0
975,1006,Monitor,Accessories,3,269,15,Transfer,West,4/16/2024,5,0
976,1060,Keyboard,Accessories,3,636,0,Cash,South,8/16/2023,5,1
977,1028,Laptop,Accessories,1,1461,15,Transfer,North,4/27/2023,8,1
978,1021,Keyboard,Electronics,4,682,15,Card,West,4/25/2024,7,0
979,1066,Mouse,Electronics,1,498,10,Cash,North,12/15/2023,7,1
980,1046,Keyboard,Accessories,4,1252,10,Cash,West,5/22/2024,1,1
981,1059,Laptop,Accessories,3,188,10,Card,North,1/7/2024,3,1
982,1038,Keyboard,Accessories,2,1250,5,Card,East,6/23/2023,5,1
983,1062,Phone,Accessories,1,808,5,Card,North,7/30/2024,9,0
984,1074,Laptop,Accessories,4,1353,15,Cash,South,1/23/2023,5,0
985,1085,Tablet,Accessories,5,500,5,Cash,North,7/15/2024,5,0
986,1056,Tablet,Electronics,2,1030,10,Transfer,North,4/14/2024,1,0
987,1096,Laptop,Accessories,4,850,10,Card,South,5/28/2023,3,0
988,1082,Monitor,Accessories,4,1007,5,Card,South,6/21/2023,4,0
989,1096,Phone,Electronics,1,781,0,Transfer,West,1/17/2023,10,1
990,1061,Phone,Electronics,2,353,15,Card,East,4/9/2023,9,1
991,1048,Phone,Accessories,4,1063,0,Cash,East,2/17/2024,4,0
992,1003,Monitor,Electronics,3,841,10,Cash,West,1/28/2023,1,1
993,1074,Tablet,Accessories,4,1175,0,Card,North,3/30/2024,5,1
994,1059,Mouse,Electronics,5,1296,10,Transfer,East,12/11/2023,8,0
995,1042,Phone,Electronics,4,1493,0,Transfer,South,3/23/2024,2,1
996,1041,Monitor,Electronics,5,647,5,Card,South,8/9/2023,9,0
997,1087,Mouse,Electronics,3,493,10,Transfer,North,7/2/2023,5,1
998,1095,Mouse,Electronics,3,837,15,Card,South,12/11/2023,1,1
999,1032,Phone,Accessories,4,1003,15,Cash,North,1/3/2024,8,0
1000,1015,Laptop,Electronics,3,1365,15,Transfer,South,2/21/2023,5,0
1001,1008,Monitor,Electronics,3,871,5,Cash,West,3/14/2024,10,0
1002,1030,Mouse,Electronics,5,1334,15,Card,North,7/10/2023,4,1
1003,1046,Tablet,Accessories,5,1266,10,Card,North,5/10/2023,5,0
1004,1098,Phone,Electronics,2,1153,5,Transfer,West,6/2/2024,4,1
1005,1045,Phone,Accessories,1,1114,5,Cash,West,10/21/2023,1,1
1006,1077,Tablet,Accessories,2,1442,5,Card,North,3/8/2024,3,1
1007,1079,Tablet,Accessories,1,1142,0,Card,North,3/19/2024,6,1
1008,1038,Keyboard,Electronics,2,937,5,Transfer,South,4/28/2023,8,0
1009,1061,Phone,Electronics,3,483,15,Cash,South,7/28/2024,5,1
1010,1018,Monitor,Accessories,4,114,5,Transfer,North,7/2/2023,2,0
1011,1098,Tablet,Accessories,1,559,0,Transfer,East,5/29/2023,1,1
1012,1019,Phone,Accessories,1,118,5,Card,South,9/16/2023,3,0
1013,1002,Laptop,Electronics,1,648,5,Card,South,5/14/2023,5,0
1014,1015,Laptop,Accessories,5,811,15,Cash,West,5/18/2024,3,1
1015,1091,Mouse,Electronics,4,428,10,Card,East,4/23/2023,6,0
1016,1067,Phone,Accessories,3,1022,10,Transfer,East,7/31/2024,1,1
1017,1078,Monitor,Electronics,1,959,15,Cash,South,1/3/2024,3,0
1018,1049,Mouse,Electronics,4,1347,15,Transfer,South,9/29/2023,2,0
1019,1003,Keyboard,Accessories,3,1218,5,Cash,West,9/24/2023,1,0
1020,1013,Phone,Electronics,4,1035,5,Card,West,7/19/2023,5,1
1021,1084,Tablet,Accessories,4,1104,0,Card,East,7/31/2024,3,1
1022,1017,Keyboard,Accessories,5,178,0,Cash,North,11/12/2023,4,1
1023,1043,Tablet,Electronics,3,110,5,Transfer,East,6/28/2024,2,1
1024,1081,Monitor,Accessories,4,1441,5,Transfer,East,8/26/2023,2,1
1025,1075,Tablet,Accessories,2,1297,5,Transfer,East,6/22/2023,1,1
1026,1050,Laptop,Electronics,5,139,15,Card,West,7/16/2023,5,0
1027,1073,Laptop,Accessories,2,1116,5,Card,West,6/15/2023,1,0
1028,1001,Monitor,Electronics,4,1336,10,Cash,South,4/28/2024,5,1
1029,1037,Mouse,Accessories,5,1405,0,Transfer,East,4/26/2023,5,0
1030,1004,Phone,Accessories,4,1368,15,Card,West,3/8/2023,9,0
1031,1082,Tablet,Accessories,1,1442,5,Cash,South,5/8/2023,6,1
1032,1012,Monitor,Accessories,4,130,0,Card,South,5/20/2023,4,0
1033,1077,Keyboard,Accessories,1,672,10,Cash,East,2/19/2023,6,0
1034,1069,Monitor,Accessories,3,840,5,Card,West,6/19/2023,1,0
1035,1074,Monitor,Electronics,4,550,5,Card,South,5/10/2023,10,1
1036,1014,Mouse,Accessories,3,655,0,Card,West,1/25/2024,5,0
1037,1007,Keyboard,Electronics,1,980,5,Cash,South,4/5/2023,8,1
1038,1082,Phone,Accessories,5,1365,10,Card,East,3/24/2024,2,1
1039,1006,Laptop,Accessories,4,619,5,Card,South,11/14/2023,6,1
1040,1096,Tablet,Accessories,2,725,15,Card,North,3/11/2023,4,1
1041,1014,Tablet,Accessories,5,983,5,Card,East,5/15/2024,3,0
1042,1065,Tablet,Accessories,3,204,5,Transfer,East,4/25/2024,9,1
1043,1029,Keyboard,Electronics,3,401,10,Transfer,North,10/9/2023,4,1
1044,1027,Phone,Accessories,2,1407,15,Transfer,West,10/10/2023,4,0
1045,1086,Phone,Electronics,3,1199,10,Card,West,5/11/2023,2,0
1046,1068,Laptop,Accessories,4,322,15,Transfer,East,3/9/2023,4,1
1047,1023,Phone,Electronics,1,1168,10,Transfer,South,5/20/2023,10,1
1048,1072,Tablet,Accessories,1,571,5,Card,West,6/16/2024,9,1
1049,1075,Mouse,Electronics,1,1399,0,Transfer,South,6/28/2023,2,0
1050,1067,Laptop,Accessories,2,50,0,Cash,North,3/12/2024,3,0
1051,1007,Mouse,Electronics,3,945,10,Card,East,3/26/2024,2,1
1052,1001,Monitor,Electronics,5,1345,10,Transfer,North,9/17/2023,2,0
1053,1043,Tablet,Accessories,5,745,0,Card,West,7/2/2024,9,1
1054,1074,Monitor,Accessories,3,1107,15,Transfer,North,7/10/2024,10,1
1055,1034,Monitor,Accessories,5,1173,15,Card,West,5/19/2023,9,1
1056,1030,Phone,Electronics,5,85,15,Transfer,East,7/28/2023,9,0
1057,1082,Keyboard,Accessories,5,1251,15,Transfer,South,4/20/2024,7,1
1058,1011,Tablet,Accessories,2,898,10,Card,East,11/3/2023,1,0
1059,1008,Monitor,Accessories,1,1067,15,Cash,West,9/24/2023,3,1
1060,1053,Keyboard,Electronics,2,1072,10,Transfer,East,1/1/2024,10,1
1061,1061,Keyboard,Electronics,5,1214,10,Card,East,3/26/2023,3,1
1062,1028,Keyboard,Accessories,4,596,5,Card,West,2/7/2023,7,1
1063,1076,Keyboard,Electronics,1,666,15,Card,North,1/18/2023,5,1
1064,1045,Tablet,Accessories,1,1491,0,Transfer,East,3/3/2023,8,0
1065,1037,Monitor,Accessories,4,737,10,Transfer,East,7/1/2024,4,1
1066,1071,Tablet,Electronics,5,1341,0,Cash,East,1/5/2023,4,0
1067,1003,Mouse,Electronics,5,697,5,Transfer,South,7/21/2023,3,1
1068,1025,Mouse,Electronics,4,313,10,Transfer,North,9/4/2023,9,0
1069,1090,Monitor,Electronics,1,621,5,Transfer,North,8/2/2023,1,1
1070,1002,Laptop,Electronics,2,1012,0,Transfer,West,10/7/2023,8,1
1071,1010,Laptop,Accessories,3,435,0,Transfer,North,10/13/2023,6,1
1072,1054,Phone,Electronics,2,475,5,Cash,South,10/21/2023,8,0
1073,1018,Tablet,Electronics,5,54,0,Cash,East,6/26/2023,8,1
1074,1092,Monitor,Accessories,3,330,15,Card,West,3/6/2023,1,0
1075,1016,Mouse,Accessories,1,130,10,Transfer,South,3/8/2023,4,1
1076,1079,Laptop,Accessories,1,911,0,Card,North,11/5/2023,8,0
1077,1043,Keyboard,Accessories,3,829,10,Cash,North,5/26/2023,8,1
1078,1023,Phone,Electronics,5,745,0,Transfer,South,8/9/2024,3,1
1079,1023,Keyboard,Electronics,5,1027,0,Cash,North,5/22/2024,5,0
1080,1048,Phone,Accessories,2,132,0,Card,North,7/4/2023,3,0
1081,1091,Monitor,Accessories,1,1404,5,Card,South,9/7/2023,9,1
1082,1050,Tablet,Electronics,3,1046,10,Transfer,East,2/5/2023,2,0
1083,1030,Phone,Accessories,3,1132,10,Card,North,11/18/2023,10,0
1084,1084,Laptop,Electronics,5,630,15,Transfer,East,6/1/2023,7,0
1085,1006,Mouse,Accessories,2,1054,5,Transfer,South,4/24/2023,7,1
1086,1075,Tablet,Electronics,1,1496,0,Card,North,7/17/2023,1,0
1087,1095,Laptop,Accessories,4,396,0,Card,South,6/24/2024,9,1
1088,1050,Monitor,Electronics,4,1175,15,Card,West,9/12/2023,7,1
1089,1007,Mouse,Accessories,5,1275,5,Transfer,South,8/25/2023,2,0
1090,1053,Phone,Accessories,2,888,15,Card,East,8/5/2023,9,0
1091,1043,Phone,Electronics,2,446,10,Card,North,1/22/2023,7,0
1092,1083,Tablet,Electronics,4,1206,10,Card,North,5/7/2023,6,1
1093,1034,Mouse,Electronics,4,707,5,Card,East,2/8/2024,4,1
1094,1047,Mouse,Electronics,2,1363,5,Card,North,7/29/2024,2,0
1095,1040,Laptop,Electronics,2,652,10,Card,South,8/3/2023,10,0
1096,1094,Phone,Electronics,1,245,5,Cash,West,1/29/2023,4,1
1097,1045,Mouse,Accessories,1,94,5,Transfer,South,1/31/2023,5,0
1098,1081,Keyboard,Electronics,2,157,10,Card,East,10/17/2023,6,1
1099,1092,Keyboard,Accessories,5,198,15,Cash,East,8/13/2024,8,1
1100,1033,Monitor,Electronics,1,1355,0,Transfer,South,5/18/2024,2,1
1101,1052,Keyboard,Accessories,4,466,10,Transfer,North,10/5/2023,2,0
1102,1038,Phone,Accessories,4,699,0,Transfer,East,3/11/2024,9,1
1103,1082,Keyboard,Electronics,3,806,0,Transfer,West,2/14/2023,1,1
1104,1087,Monitor,Electronics,2,481,10,Card,North,8/28/2023,10,1
1105,1049,Keyboard,Electronics,3,102,15,Card,South,4/10/2024,1,0
1106,1063,Phone,Electronics,2,71,5,Cash,South,2/6/2024,7,0
1107,1091,Phone,Electronics,4,1199,0,Card,West,7/10/2024,6,1
1108,1028,Laptop,Electronics,1,675,5,Cash,East,12/22/2023,9,1
1109,1030,Monitor,Accessories,4,464,0,Card,East,5/26/2024,6,1
1110,1054,Phone,Electronics,1,206,5,Cash,South,1/30/2023,3,1
1111,1054,Phone,Accessories,4,1016,15,Card,West,1/19/2023,6,1
1112,1030,Phone,Electronics,3,514,0,Cash,North,2/4/2024,7,1
1113,1079,Monitor,Electronics,3,571,5,Cash,West,4/10/2024,1,1
1114,1069,Monitor,Accessories,3,985,0,Card,East,3/24/2023,1,0
1115,1011,Keyboard,Electronics,3,1214,5,Cash,West,6/8/2024,7,1
1116,1071,Phone,Electronics,3,447,0,Cash,West,1/1/2023,1,0
1117,1078,Laptop,Electronics,1,795,15,Transfer,West,4/14/2023,1,0
1118,1077,Laptop,Electronics,2,383,0,Cash,South,10/23/2023,2,0
1119,1015,Keyboard,Accessories,1,197,15,Transfer,South,5/7/2023,2,0
1120,1065,Phone,Accessories,2,1009,0,Cash,North,5/7/2024,10,1
1121,1071,Tablet,Electronics,3,317,15,Cash,West,10/17/2023,8,0
1122,1040,Mouse,Accessories,2,136,5,Cash,East,4/9/2023,4,1
1123,1024,Laptop,Accessories,3,777,0,Transfer,West,5/27/2023,7,1
1124,1015,Monitor,Accessories,4,988,10,Cash,East,4/29/2024,9,1
1125,1032,Tablet,Electronics,4,270,5,Transfer,East,5/3/2023,10,1
1126,1043,Keyboard,Accessories,1,1009,5,Cash,East,8/25/2023,9,0
1127,1090,Mouse,Electronics,4,136,10,Transfer,East,7/15/2024,1,0
1128,1030,Tablet,Electronics,5,307,0,Transfer,East,6/19/2024,10,1
1129,1023,Phone,Accessories,1,1497,15,Cash,South,8/7/2023,1,1
1130,1052,Tablet,Accessories,5,1485,5,Cash,North,5/14/2024,1,1
1131,1033,Tablet,Electronics,2,716,15,Cash,West,4/16/2024,3,1
1132,1096,Tablet,Electronics,3,154,10,Cash,South,3/28/2024,1,0
1133,1086,Laptop,Accessories,5,1138,15,Card,West,12/27/2023,4,0
1134,1049,Tablet,Electronics,1,1382,10,Cash,West,3/18/2024,6,1
1135,1033,Keyboard,Accessories,2,1481,5,Transfer,North,6/13/2023,4,0
1136,1082,Mouse,Electronics,3,1037,0,Transfer,West,7/26/2023,8,1
1137,1052,Tablet,Accessories,4,1396,15,Transfer,East,4/16/2023,10,1
1138,1042,Laptop,Accessories,1,1106,0,Card,East,2/18/2023,9,0
1139,1087,Monitor,Electronics,2,577,15,Cash,West,6/5/2023,7,0
1140,1018,Laptop,Electronics,4,294,15,Card,East,1/5/2023,5,1
1141,1042,Phone,Accessories,4,389,5,Transfer,South,3/16/2023,9,1
1142,1064,Laptop,Accessories,2,194,10,Cash,South,4/3/2024,9,1
1143,1039,Keyboard,Electronics,5,1436,10,Cash,North,2/28/2024,9,0
1144,1001,Keyboard,Electronics,3,786,0,Cash,East,6/12/2023,7,1
1145,1018,Mouse,Electronics,5,210,15,Card,East,3/4/2023,3,1
1146,1090,Laptop,Accessories,3,667,10,Transfer,West,6/25/2024,3,1
1147,1099,Keyboard,Accessories,4,1180,5,Card,West,2/11/2024,1,0
1148,1000,Tablet,Electronics,5,128,15,Transfer,West,6/17/2023,3,0
1149,1012,Keyboard,Electronics,3,575,5,Card,South,11/18/2023,9,1
1150,1001,Phone,Electronics,1,757,0,Card,South,7/8/2024,8,0
1151,1079,Monitor,Accessories,4,1491,5,Card,East,8/5/2023,9,1
1152,1015,Phone,Electronics,3,544,15,Cash,South,9/19/2023,8,1
1153,1022,Tablet,Electronics,1,715,10,Cash,North,3/25/2024,4,1
1154,1073,Monitor,Electronics,2,932,0,Cash,North,6/23/2024,7,1
1155,1057,Phone,Accessories,5,855,0,Cash,West,7/21/2023,1,1
1156,1066,Keyboard,Electronics,5,63,15,Card,East,7/15/2024,8,1
1157,1030,Laptop,Electronics,3,720,15,Transfer,South,2/7/2023,9,1
1158,1048,Tablet,Electronics,4,226,10,Card,North,10/29/2023,7,0
1159,1073,Tablet,Accessories,4,298,15,Cash,East,8/12/2023,5,1
1160,1075,Keyboard,Electronics,3,724,15,Card,North,2/28/2023,4,0
1161,1006,Phone,Electronics,1,517,15,Card,West,7/19/2023,7,1
1162,1028,Mouse,Accessories,3,557,0,Cash,West,3/2/2024,4,1
1163,1089,Laptop,Accessories,1,769,5,Transfer,North,3/26/2023,5,1
1164,1036,Phone,Electronics,5,699,0,Transfer,North,9/13/2023,5,1
1165,1099,Mouse,Electronics,2,1018,15,Cash,East,3/23/2024,10,1
1166,1087,Mouse,Accessories,1,1497,15,Transfer,West,3/8/2024,8,1
1167,1077,Tablet,Electronics,2,813,10,Transfer,East,12/10/2023,3,0
1168,1037,Monitor,Electronics,2,1065,15,Cash,North,8/26/2023,8,1
1169,1034,Tablet,Accessories,3,815,5,Transfer,South,9/16/2023,5,1
1170,1097,Mouse,Accessories,5,976,0,Cash,South,1/17/2024,2,0
1171,1014,Tablet,Accessories,1,1227,10,Cash,South,7/31/2023,5,1
1172,1023,Keyboard,Accessories,5,1022,0,Card,West,8/11/2024,5,1
1173,1005,Phone,Accessories,5,1106,0,Card,West,11/22/2023,7,1
1174,1020,Phone,Accessories,1,1486,10,Transfer,East,11/15/2023,2,0
1175,1024,Tablet,Electronics,2,818,15,Cash,West,1/2/2023,10,1
1176,1060,Mouse,Electronics,2,1323,10,Transfer,South,3/13/2023,8,0
1177,1035,Tablet,Electronics,3,198,5,Transfer,North,2/8/2024,1,1
1178,1087,Monitor,Accessories,3,904,15,Transfer,South,8/3/2023,10,1
1179,1018,Monitor,Electronics,1,700,15,Card,South,3/13/2023,1,1
1180,1069,Monitor,Accessories,4,770,10,Transfer,East,3/4/2024,4,1
1181,1007,Tablet,Accessories,1,955,10,Card,West,5/3/2023,8,0
1182,1032,Monitor,Accessories,4,766,0,Cash,East,8/15/2024,5,1
1183,1077,Keyboard,Electronics,4,307,15,Card,West,1/13/2024,8,0
1184,1077,Laptop,Accessories,1,697,0,Cash,East,6/18/2024,10,0
1185,1046,Laptop,Accessories,1,1406,15,Transfer,West,7/18/2024,1,0
1186,1064,Laptop,Accessories,1,812,0,Cash,North,11/4/2023,10,1
1187,1092,Phone,Accessories,2,1453,5,Card,West,7/13/2024,9,1
1188,1063,Monitor,Electronics,4,1239,10,Cash,South,1/4/2024,4,1
1189,1037,Laptop,Accessories,1,880,0,Card,West,7/20/2024,4,0
1190,1061,Tablet,Accessories,4,809,15,Cash,South,12/6/2023,6,1
1191,1073,Mouse,Accessories,2,705,10,Card,East,5/17/2023,6,1
1192,1081,Laptop,Accessories,2,82,15,Transfer,South,2/6/2024,5,0
1193,1005,Tablet,Electronics,5,1220,10,Card,North,2/21/2024,2,0
1194,1036,Phone,Electronics,1,253,5,Card,North,9/4/2023,7,1
1195,1019,Mouse,Accessories,5,894,5,Cash,South,7/12/2024,3,0
1196,1076,Mouse,Electronics,5,66,0,Cash,West,5/3/2023,1,0
1197,1076,Tablet,Accessories,1,1102,15,Card,East,4/1/2024,8,0
1198,1022,Laptop,Electronics,5,827,0,Card,East,12/22/2023,6,0
1199,1050,Mouse,Accessories,3,1480,15,Cash,East,4/5/2024,7,1
1200,1089,Phone,Accessories,1,664,0,Cash,West,7/26/2023,1,1
